repeat,fold,auc,model
0,0,0.5746031746031747,sym_lr
0,1,0.5209750566893424,sym_lr
0,2,0.579322429906542,sym_lr
0,3,0.560981308411215,sym_lr
0,4,0.6285089737689831,sym_lr
1,0,0.5426303854875283,sym_lr
1,1,0.5931972789115646,sym_lr
1,2,0.617640186915888,sym_lr
1,3,0.6100467289719627,sym_lr
1,4,0.49528301886792453,sym_lr
2,0,0.6124716553287981,sym_lr
2,1,0.6075963718820862,sym_lr
2,2,0.5586448598130841,sym_lr
2,3,0.6843457943925234,sym_lr
2,4,0.543948458352508,sym_lr
3,0,0.6722222222222222,sym_lr
3,1,0.5414965986394559,sym_lr
3,2,0.5397196261682242,sym_lr
3,3,0.6018691588785047,sym_lr
3,4,0.5635066728025772,sym_lr
4,0,0.6340136054421768,sym_lr
4,1,0.6461451247165533,sym_lr
4,2,0.5412383177570094,sym_lr
4,3,0.5369158878504673,sym_lr
4,4,0.6250575241601473,sym_lr
0,0,0.6198412698412699,sym_lgbm
0,1,0.5171201814058957,sym_lgbm
0,2,0.5933411214953271,sym_lgbm
0,3,0.602570093457944,sym_lgbm
0,4,0.6109065807639209,sym_lgbm
1,0,0.6242630385487529,sym_lgbm
1,1,0.6196145124716552,sym_lgbm
1,2,0.6001168224299066,sym_lgbm
1,3,0.6221962616822431,sym_lgbm
1,4,0.5670731707317073,sym_lgbm
2,0,0.6188208616780045,sym_lgbm
2,1,0.5722222222222222,sym_lgbm
2,2,0.49988317757009343,sym_lgbm
2,3,0.5936915887850467,sym_lgbm
2,4,0.5556833870225495,sym_lgbm
3,0,0.5535147392290249,sym_lgbm
3,1,0.5840136054421768,sym_lgbm
3,2,0.6315420560747663,sym_lgbm
3,3,0.5367990654205608,sym_lgbm
3,4,0.609410952600092,sym_lgbm
4,0,0.6569160997732426,sym_lgbm
4,1,0.6701814058956915,sym_lgbm
4,2,0.5464953271028038,sym_lgbm
4,3,0.5151869158878506,sym_lgbm
4,4,0.6412793373216751,sym_lgbm
0,0,0.5759637188208617,sym_mlp
0,1,0.5361678004535148,sym_mlp
0,2,0.6442757009345794,sym_mlp
0,3,0.4848130841121496,sym_mlp
0,4,0.6740681086056144,sym_mlp
1,0,0.6174603174603175,sym_mlp
1,1,0.6927437641723356,sym_mlp
1,2,0.6283878504672897,sym_mlp
1,3,0.6401869158878505,sym_mlp
1,4,0.5189829728485964,sym_mlp
2,0,0.646485260770975,sym_mlp
2,1,0.676984126984127,sym_mlp
2,2,0.5871495327102804,sym_mlp
2,3,0.5233644859813084,sym_mlp
2,4,0.5246203405430282,sym_mlp
3,0,0.5790249433106576,sym_mlp
3,1,0.5943310657596372,sym_mlp
3,2,0.6443925233644859,sym_mlp
3,3,0.6324766355140188,sym_mlp
3,4,0.6302346985734009,sym_mlp
4,0,0.7229024943310657,sym_mlp
4,1,0.5792517006802721,sym_mlp
4,2,0.5790887850467291,sym_mlp
4,3,0.46705607476635513,sym_mlp
4,4,0.6354118729866544,sym_mlp
0,0,0.4066893424036281,centor
0,1,0.44535147392290253,centor
0,2,0.4662383177570093,centor
0,3,0.4668224299065421,centor
0,4,0.3969167050161068,centor
1,0,0.4767573696145124,centor
1,1,0.3997732426303855,centor
1,2,0.4237149532710281,centor
1,3,0.4130841121495327,centor
1,4,0.47445927289461576,centor
2,0,0.4802721088435374,centor
2,1,0.3554421768707483,centor
2,2,0.5244158878504672,centor
2,3,0.35817757009345796,centor
2,4,0.46859180855959504,centor
3,0,0.3648526077097506,centor
3,1,0.4472789115646258,centor
3,2,0.438785046728972,centor
3,3,0.4410046728971963,centor
3,4,0.4845835250805339,centor
4,0,0.4065759637188209,centor
4,1,0.385827664399093,centor
4,2,0.5984813084112149,centor
4,3,0.41495327102803736,centor
4,4,0.39185457892314773,centor
0,0,0.6757369614512472,phone
0,1,0.6757369614512472,phone
0,2,0.6771028037383178,phone
0,3,0.6771028037383178,phone
0,4,0.6764841233317994,phone
1,0,0.6757369614512472,phone
1,1,0.6757369614512472,phone
1,2,0.6771028037383178,phone
1,3,0.6771028037383178,phone
1,4,0.6764841233317994,phone
2,0,0.6757369614512472,phone
2,1,0.6757369614512472,phone
2,2,0.6771028037383178,phone
2,3,0.6771028037383178,phone
2,4,0.6764841233317994,phone
3,0,0.6757369614512472,phone
3,1,0.6757369614512472,phone
3,2,0.6771028037383178,phone
3,3,0.6771028037383178,phone
3,4,0.6764841233317994,phone
4,0,0.6757369614512472,phone
4,1,0.6757369614512472,phone
4,2,0.6771028037383178,phone
4,3,0.6771028037383178,phone
4,4,0.6764841233317994,phone
