model,auc_all,auc_unanimous,auc_split,auc_within_phone,spearman_vote_share,n_unanimous,n_split
phone,0.6727,0.67,0.6507,0.4884,0.2821,230,505
size,0.5619,0.6791,0.5731,0.493,0.0667,230,505
sym_lgbm,0.5914,0.623,0.5801,0.55,0.1338,230,505
img_lr_convnext_tiny,0.681,0.7536,0.652,0.5614,0.2884,230,505
img_lr_vit_small_patch14_dinov2,0.7,0.7194,0.6781,0.5855,0.3237,230,505
stack_vit_small_patch14_dinov2,0.7027,0.7355,0.6798,0.5863,0.3236,230,505
gated_convnext_tiny,0.6838,0.7099,0.6455,0.5816,0.3224,230,505
gated_vit_small_patch14_dinov2,0.6906,0.74,0.6597,0.5838,0.3225,230,505
gated_convnext_tiny__shuffled,0.5288,0.5745,0.5255,0.5073,0.0351,230,505
ft_densenet121,0.6722,0.58,0.6615,0.556,0.2571,230,505
ft_mobilenetv3_large_100,0.5781,0.7179,0.5461,0.5186,0.1395,230,505
ft_convnext_tiny,0.6881,0.7252,0.6539,0.6051,0.3312,230,505
