method,model,repeat,fold,best_epoch,phone_id_auc
erm,convnext_tiny,0,0,2,0.9892521271831616
erm,convnext_tiny,0,1,8,0.9961934617107032
erm,convnext_tiny,0,2,8,0.9897912885662432
erm,convnext_tiny,0,3,3,0.9986388384754992
erm,convnext_tiny,0,4,11,0.9959165154264972
gdro,convnext_tiny,0,0,5,0.9961934617107032
gdro,convnext_tiny,0,1,12,0.9905956112852664
gdro,convnext_tiny,0,2,9,0.9916061705989112
gdro,convnext_tiny,0,3,3,0.9970508166969148
gdro,convnext_tiny,0,4,10,0.9904718693284936
adv,convnext_tiny,0,0,15,1.0
adv,convnext_tiny,0,1,14,1.0
adv,convnext_tiny,0,2,8,0.9979582577132486
adv,convnext_tiny,0,3,3,0.9904718693284937
adv,convnext_tiny,0,4,12,1.0
