backbone,method,repeat,fold,phone_id_auc
convnext_tiny,base,0,0,0.9910434393193015
convnext_tiny,sog,0,0,0.9892521271831616
convnext_tiny,center,0,0,0.5227272727272727
convnext_tiny,leace,0,0,0.4301388266905508
convnext_tiny,leace_rw,0,0,0.4301388266905508
convnext_tiny,sog_leace_rw,0,0,0.5398566950291087
convnext_tiny,mlp,0,0,0.9789520824003582
convnext_tiny,adv0.3,0,0,0.9724585759068518
convnext_tiny,adv1,0,0,0.9733542319749217
convnext_tiny,adv3,0,0,0.9879086430810569
convnext_tiny,adv10,0,0,0.9673085535154501
convnext_tiny,base,0,1,0.9984326018808778
convnext_tiny,sog,0,1,0.997089117778773
convnext_tiny,center,0,1,0.6062472010747874
convnext_tiny,leace,0,1,0.5382892969099865
convnext_tiny,leace_rw,0,1,0.5382892969099865
convnext_tiny,sog_leace_rw,0,1,0.4567845947156292
convnext_tiny,mlp,0,1,0.993282579489476
convnext_tiny,adv0.3,0,1,0.9800716524854456
convnext_tiny,adv1,0,1,0.9749216300940439
convnext_tiny,adv3,0,1,0.9852216748768474
convnext_tiny,adv10,0,1,0.9914912673533364
convnext_tiny,base,0,2,0.992513611615245
convnext_tiny,sog,0,2,0.9943284936479129
convnext_tiny,center,0,2,0.5618194192377496
convnext_tiny,leace,0,2,0.4754990925589837
convnext_tiny,leace_rw,0,2,0.4754990925589837
convnext_tiny,sog_leace_rw,0,2,0.44010889292196004
convnext_tiny,mlp,0,2,0.9868421052631579
convnext_tiny,adv0.3,0,2,0.9489564428312159
convnext_tiny,adv1,0,2,0.9777676950998184
convnext_tiny,adv3,0,2,0.9730036297640653
convnext_tiny,adv10,0,2,0.9838929219600726
convnext_tiny,base,0,3,0.9968239564428312
convnext_tiny,sog,0,3,0.9861615245009074
convnext_tiny,center,0,3,0.45224591651542645
convnext_tiny,leace,0,3,0.5746370235934665
convnext_tiny,leace_rw,0,3,0.5746370235934665
convnext_tiny,sog_leace_rw,0,3,0.5830308529945554
convnext_tiny,mlp,0,3,0.9798094373865699
convnext_tiny,adv0.3,0,3,0.9852540834845736
convnext_tiny,adv1,0,3,0.9836660617059891
convnext_tiny,adv3,0,3,0.9843466424682396
convnext_tiny,adv10,0,3,0.9798094373865699
convnext_tiny,base,0,4,0.999092558983666
convnext_tiny,sog,0,4,0.9965970961887478
convnext_tiny,center,0,4,0.4551950998185118
convnext_tiny,leace,0,4,0.5108892921960072
convnext_tiny,leace_rw,0,4,0.5108892921960072
convnext_tiny,sog_leace_rw,0,4,0.5900635208711433
convnext_tiny,mlp,0,4,0.9870689655172414
convnext_tiny,adv0.3,0,4,0.9968239564428312
convnext_tiny,adv1,0,4,0.9852540834845734
convnext_tiny,adv3,0,4,0.9941016333938295
convnext_tiny,adv10,0,4,0.9868421052631579
convnext_tiny,base,1,0,0.9986565158978952
convnext_tiny,sog,1,0,0.9957456336766681
convnext_tiny,center,1,0,0.42823555754590237
convnext_tiny,leace,1,0,0.5528437080161218
convnext_tiny,leace_rw,1,0,0.5528437080161218
convnext_tiny,sog_leace_rw,1,0,0.49932825794894753
convnext_tiny,mlp,1,0,0.9894760412001791
convnext_tiny,adv0.3,1,0,0.9912673533363188
convnext_tiny,adv1,1,0,0.9885803851321092
convnext_tiny,adv3,1,0,0.9908195253022839
convnext_tiny,adv10,1,0,0.9892521271831616
convnext_tiny,base,1,1,0.9903716972682489
convnext_tiny,sog,1,1,0.9876847290640394
convnext_tiny,center,1,1,0.504590237348858
convnext_tiny,leace,1,1,0.5445588893864756
convnext_tiny,leace_rw,1,1,0.5445588893864756
convnext_tiny,sog_leace_rw,1,1,0.497089117778773
convnext_tiny,mlp,1,1,0.9619346171070309
convnext_tiny,adv0.3,1,1,0.9702194357366771
convnext_tiny,adv1,1,1,0.9623824451410659
convnext_tiny,adv3,1,1,0.9518584863412449
convnext_tiny,adv10,1,1,0.9567845947156293
convnext_tiny,base,1,2,0.9993194192377495
convnext_tiny,sog,1,2,1.0
convnext_tiny,center,1,2,0.5534255898366607
convnext_tiny,leace,1,2,0.5446914700544465
convnext_tiny,leace_rw,1,2,0.5446914700544465
convnext_tiny,sog_leace_rw,1,2,0.5158802177858439
convnext_tiny,mlp,1,2,0.9975045372050817
convnext_tiny,adv0.3,1,2,0.9850272232304901
convnext_tiny,adv1,1,2,0.9977313974591652
convnext_tiny,adv3,1,2,0.9945553539019963
convnext_tiny,adv10,1,2,0.9981851179673321
convnext_tiny,base,1,3,0.9972776769509982
convnext_tiny,sog,1,3,0.9927404718693286
convnext_tiny,center,1,3,0.5957350272232305
convnext_tiny,leace,1,3,0.5272232304900182
convnext_tiny,leace_rw,1,3,0.5272232304900182
convnext_tiny,sog_leace_rw,1,3,0.595508166969147
convnext_tiny,mlp,1,3,0.9827586206896552
convnext_tiny,adv0.3,1,3,0.9816243194192378
convnext_tiny,adv1,1,3,0.9897912885662432
convnext_tiny,adv3,1,3,0.9825317604355717
convnext_tiny,adv10,1,3,0.9777676950998185
convnext_tiny,base,1,4,0.9931941923774955
convnext_tiny,sog,1,4,0.9882032667876588
convnext_tiny,center,1,4,0.5165607985480944
convnext_tiny,leace,1,4,0.508393829401089
convnext_tiny,leace_rw,1,4,0.508393829401089
convnext_tiny,sog_leace_rw,1,4,0.5934664246823957
convnext_tiny,mlp,1,4,0.9804900181488203
convnext_tiny,adv0.3,1,4,0.9843466424682394
convnext_tiny,adv1,1,4,0.9800362976406534
convnext_tiny,adv3,1,4,0.9820780399274047
convnext_tiny,adv10,1,4,0.9838929219600725
convnext_tiny,base,2,0,0.9982086878638603
convnext_tiny,sog,2,0,0.9941782355575459
convnext_tiny,center,2,0,0.4779444693237797
convnext_tiny,leace,2,0,0.46439767129422305
convnext_tiny,leace_rw,2,0,0.46439767129422305
convnext_tiny,sog_leace_rw,2,0,0.5331392745185848
convnext_tiny,mlp,2,0,0.9888042991491267
convnext_tiny,adv0.3,2,0,0.9733542319749217
convnext_tiny,adv1,2,0,0.9952978056426331
convnext_tiny,adv3,2,0,0.9834303627407076
convnext_tiny,adv10,2,0,0.9782803403493058
convnext_tiny,base,2,1,0.9961934617107031
convnext_tiny,sog,2,1,0.9952978056426331
convnext_tiny,center,2,1,0.5090685176892074
convnext_tiny,leace,2,1,0.5273175100761308
convnext_tiny,leace_rw,2,1,0.5273175100761308
convnext_tiny,sog_leace_rw,2,1,0.49977608598298257
convnext_tiny,mlp,2,1,0.9755933721450963
convnext_tiny,adv0.3,2,1,0.9805194805194805
convnext_tiny,adv1,2,1,0.9776085982982535
convnext_tiny,adv3,2,1,0.9818629646215853
convnext_tiny,adv10,2,1,0.9820868786386028
convnext_tiny,base,2,2,0.9952359346642468
convnext_tiny,sog,2,2,0.9857078039927404
convnext_tiny,center,2,2,0.5129310344827587
convnext_tiny,leace,2,2,0.5383393829401089
convnext_tiny,leace_rw,2,2,0.5383393829401089
convnext_tiny,sog_leace_rw,2,2,0.3493647912885663
convnext_tiny,mlp,2,2,0.9793557168784028
convnext_tiny,adv0.3,2,2,0.9752722323049001
convnext_tiny,adv1,2,2,0.9789019963702359
convnext_tiny,adv3,2,2,0.9702813067150635
convnext_tiny,adv10,2,2,0.9634754990925589
convnext_tiny,base,2,3,0.9975045372050817
convnext_tiny,sog,2,3,0.992513611615245
convnext_tiny,center,2,3,0.4902450090744101
convnext_tiny,leace,2,3,0.4845735027223231
convnext_tiny,leace_rw,2,3,0.4845735027223231
convnext_tiny,sog_leace_rw,2,3,0.5648820326678766
convnext_tiny,mlp,2,3,0.9739110707803993
convnext_tiny,adv0.3,2,3,0.9716424682395645
convnext_tiny,adv1,2,3,0.9782214156079855
convnext_tiny,adv3,2,3,0.9807168784029039
convnext_tiny,adv10,2,3,0.9725499092558982
convnext_tiny,base,2,4,0.9986388384754991
convnext_tiny,sog,2,4,0.9993194192377496
convnext_tiny,center,2,4,0.5377722323049001
convnext_tiny,leace,2,4,0.43715970961887474
convnext_tiny,leace_rw,2,4,0.43715970961887474
convnext_tiny,sog_leace_rw,2,4,0.5256352087114339
convnext_tiny,mlp,2,4,0.9877495462794919
convnext_tiny,adv0.3,2,4,0.9852540834845736
convnext_tiny,adv1,2,4,0.9886569872958257
convnext_tiny,adv3,2,4,0.9909255898366606
convnext_tiny,adv10,2,4,0.986842105263158
convnext_tiny,base,3,0,0.9896999552171967
convnext_tiny,sog,3,0,0.9827586206896552
convnext_tiny,center,3,0,0.4097626511419615
convnext_tiny,leace,3,0,0.6390506045678459
convnext_tiny,leace_rw,3,0,0.6390506045678459
convnext_tiny,sog_leace_rw,3,0,0.4991043439319302
convnext_tiny,mlp,3,0,0.9534258844603672
convnext_tiny,adv0.3,3,0,0.9558889386475593
convnext_tiny,adv1,3,0,0.9648454993282579
convnext_tiny,adv3,3,0,0.9675324675324675
convnext_tiny,adv10,3,0,0.9525302283922974
convnext_tiny,base,3,1,1.0
convnext_tiny,sog,3,1,1.0
convnext_tiny,center,3,1,0.5236229287953427
convnext_tiny,leace,3,1,0.4704433497536945
convnext_tiny,leace_rw,3,1,0.4704433497536945
convnext_tiny,sog_leace_rw,3,1,0.5118674429019257
convnext_tiny,mlp,3,1,0.9876847290640394
convnext_tiny,adv0.3,3,1,0.9852216748768472
convnext_tiny,adv1,3,1,0.9988804299149127
convnext_tiny,adv3,3,1,0.9872369010300045
convnext_tiny,adv10,3,1,0.9959695476936856
convnext_tiny,base,3,2,0.9886569872958257
convnext_tiny,sog,3,2,0.9857078039927405
convnext_tiny,center,3,2,0.5331215970961888
convnext_tiny,leace,3,2,0.5242740471869328
convnext_tiny,leace_rw,3,2,0.5242740471869328
convnext_tiny,sog_leace_rw,3,2,0.5372050816696915
convnext_tiny,mlp,3,2,0.9562159709618875
convnext_tiny,adv0.3,3,2,0.9537205081669692
convnext_tiny,adv1,3,2,0.9652903811252268
convnext_tiny,adv3,3,2,0.969600725952813
convnext_tiny,adv10,3,2,0.9666515426497277
convnext_tiny,base,3,3,0.9988656987295826
convnext_tiny,sog,3,3,0.9970508166969148
convnext_tiny,center,3,3,0.4869555353901996
convnext_tiny,leace,3,3,0.6392921960072595
convnext_tiny,leace_rw,3,3,0.6392921960072595
convnext_tiny,sog_leace_rw,3,3,0.48570780399274055
convnext_tiny,mlp,3,3,0.9965970961887478
convnext_tiny,adv0.3,3,3,0.9952359346642469
convnext_tiny,adv1,3,3,0.9961433756805808
convnext_tiny,adv3,3,3,0.992513611615245
convnext_tiny,adv10,3,3,0.9938747731397459
convnext_tiny,base,3,4,0.9975045372050817
convnext_tiny,sog,3,4,0.9961433756805808
convnext_tiny,center,3,4,0.5226860254083485
convnext_tiny,leace,3,4,0.49977313974591653
convnext_tiny,leace_rw,3,4,0.49977313974591653
convnext_tiny,sog_leace_rw,3,4,0.5617059891107079
convnext_tiny,mlp,3,4,0.9900181488203267
convnext_tiny,adv0.3,3,4,0.9872958257713249
convnext_tiny,adv1,3,4,0.9689201451905627
convnext_tiny,adv3,3,4,0.9834392014519056
convnext_tiny,adv10,3,4,0.9714156079854809
convnext_tiny,base,4,0,0.9986565158978952
convnext_tiny,sog,4,0,0.9959695476936856
convnext_tiny,center,4,0,0.4577922077922078
convnext_tiny,leace,4,0,0.5170174652933273
convnext_tiny,leace_rw,4,0,0.5170174652933273
convnext_tiny,sog_leace_rw,4,0,0.5396327810120913
convnext_tiny,mlp,4,0,0.9952978056426333
convnext_tiny,adv0.3,4,0,0.9785042543663234
convnext_tiny,adv1,4,0,0.9968652037617554
convnext_tiny,adv3,4,0,0.9834303627407075
convnext_tiny,adv10,4,0,0.9885803851321093
convnext_tiny,base,4,1,0.9973130317957905
convnext_tiny,sog,4,1,0.9955217196596506
convnext_tiny,center,4,1,0.5010076130765786
convnext_tiny,leace,4,1,0.5221674876847291
convnext_tiny,leace_rw,4,1,0.5221674876847291
convnext_tiny,sog_leace_rw,4,1,0.4921630094043887
convnext_tiny,mlp,4,1,0.9908195253022839
convnext_tiny,adv0.3,4,1,0.9652933273622929
convnext_tiny,adv1,4,1,0.9818629646215854
convnext_tiny,adv3,4,1,0.9827586206896551
convnext_tiny,adv10,4,1,0.9919390953873712
convnext_tiny,base,4,2,0.9961433756805808
convnext_tiny,sog,4,2,0.9906987295825772
convnext_tiny,center,4,2,0.5689655172413793
convnext_tiny,leace,4,2,0.5521778584392015
convnext_tiny,leace_rw,4,2,0.5521778584392015
convnext_tiny,sog_leace_rw,4,2,0.5027223230490019
convnext_tiny,mlp,4,2,0.9857078039927405
convnext_tiny,adv0.3,4,2,0.9707350272232305
convnext_tiny,adv1,4,2,0.9736842105263158
convnext_tiny,adv3,4,2,0.9652903811252269
convnext_tiny,adv10,4,2,0.9736842105263158
convnext_tiny,base,4,3,0.9988656987295825
convnext_tiny,sog,4,3,0.9975045372050817
convnext_tiny,center,4,3,0.48457350272232314
convnext_tiny,leace,4,3,0.3761343012704174
convnext_tiny,leace_rw,4,3,0.3761343012704174
convnext_tiny,sog_leace_rw,4,3,0.5167876588021779
convnext_tiny,mlp,4,3,0.9986388384754991
convnext_tiny,adv0.3,4,3,0.9838929219600726
convnext_tiny,adv1,4,3,0.9981851179673321
convnext_tiny,adv3,4,3,0.9968239564428312
convnext_tiny,adv10,4,3,0.9918330308529946
convnext_tiny,base,4,4,0.9909255898366606
convnext_tiny,sog,4,4,0.9913793103448276
convnext_tiny,center,4,4,0.4195780399274047
convnext_tiny,leace,4,4,0.508847549909256
convnext_tiny,leace_rw,4,4,0.508847549909256
convnext_tiny,sog_leace_rw,4,4,0.4827586206896552
convnext_tiny,mlp,4,4,0.9616606170598911
convnext_tiny,adv0.3,4,4,0.9464609800362976
convnext_tiny,adv1,4,4,0.9750453720508168
convnext_tiny,adv3,4,4,0.9614337568058076
convnext_tiny,adv10,4,4,0.9466878402903811
vit_small_patch14_dinov2,base,0,0,0.9908195253022838
vit_small_patch14_dinov2,sog,0,0,0.9950738916256157
vit_small_patch14_dinov2,center,0,0,0.5001119570085087
vit_small_patch14_dinov2,leace,0,0,0.49373040752351105
vit_small_patch14_dinov2,leace_rw,0,0,0.49373040752351105
vit_small_patch14_dinov2,sog_leace_rw,0,0,0.48432601880877746
vit_small_patch14_dinov2,mlp,0,0,0.9787281683833409
vit_small_patch14_dinov2,adv0.3,0,0,0.9668607254814152
vit_small_patch14_dinov2,adv1,0,0,0.9702194357366771
vit_small_patch14_dinov2,adv3,0,0,0.9556650246305418
vit_small_patch14_dinov2,adv10,0,0,0.9731303179579042
vit_small_patch14_dinov2,base,0,1,0.9986565158978952
vit_small_patch14_dinov2,sog,0,1,0.999552171965965
vit_small_patch14_dinov2,center,0,1,0.5099641737572772
vit_small_patch14_dinov2,leace,0,1,0.6088222122704882
vit_small_patch14_dinov2,leace_rw,0,1,0.6088222122704882
vit_small_patch14_dinov2,sog_leace_rw,0,1,0.566950291088222
vit_small_patch14_dinov2,mlp,0,1,0.9894760412001792
vit_small_patch14_dinov2,adv0.3,0,1,0.9896999552171966
vit_small_patch14_dinov2,adv1,0,1,0.990819525302284
vit_small_patch14_dinov2,adv3,0,1,0.9883564711150918
vit_small_patch14_dinov2,adv10,0,1,0.9928347514554412
vit_small_patch14_dinov2,base,0,2,0.9904718693284937
vit_small_patch14_dinov2,sog,0,2,0.992513611615245
vit_small_patch14_dinov2,center,0,2,0.4972776769509982
vit_small_patch14_dinov2,leace,0,2,0.49410163339382945
vit_small_patch14_dinov2,leace_rw,0,2,0.49410163339382945
vit_small_patch14_dinov2,sog_leace_rw,0,2,0.5607985480943739
vit_small_patch14_dinov2,mlp,0,2,0.9813974591651542
vit_small_patch14_dinov2,adv0.3,0,2,0.9539473684210525
vit_small_patch14_dinov2,adv1,0,2,0.9578039927404719
vit_small_patch14_dinov2,adv3,0,2,0.963021778584392
vit_small_patch14_dinov2,adv10,0,2,0.9720961887477314
vit_small_patch14_dinov2,base,0,3,0.9875226860254084
vit_small_patch14_dinov2,sog,0,3,0.9920598911070779
vit_small_patch14_dinov2,center,0,3,0.6063974591651543
vit_small_patch14_dinov2,leace,0,3,0.5283575317604357
vit_small_patch14_dinov2,leace_rw,0,3,0.5283575317604357
vit_small_patch14_dinov2,sog_leace_rw,0,3,0.572141560798548
vit_small_patch14_dinov2,mlp,0,3,0.9632486388384756
vit_small_patch14_dinov2,adv0.3,0,3,0.9609800362976406
vit_small_patch14_dinov2,adv1,0,3,0.9745916515426498
vit_small_patch14_dinov2,adv3,0,3,0.9664246823956443
vit_small_patch14_dinov2,adv10,0,3,0.9573502722323048
vit_small_patch14_dinov2,base,0,4,0.9984119782214156
vit_small_patch14_dinov2,sog,0,4,0.9997731397459164
vit_small_patch14_dinov2,center,0,4,0.46041288566243194
vit_small_patch14_dinov2,leace,0,4,0.4516787658802178
vit_small_patch14_dinov2,leace_rw,0,4,0.4516787658802178
vit_small_patch14_dinov2,sog_leace_rw,0,4,0.5551270417422868
vit_small_patch14_dinov2,mlp,0,4,0.9820780399274046
vit_small_patch14_dinov2,adv0.3,0,4,0.9732304900181488
vit_small_patch14_dinov2,adv1,0,4,0.9950090744101633
vit_small_patch14_dinov2,adv3,0,4,0.9854809437386569
vit_small_patch14_dinov2,adv10,0,4,0.9848003629764065
vit_small_patch14_dinov2,base,1,0,0.9973130317957903
vit_small_patch14_dinov2,sog,1,0,0.9977608598298253
vit_small_patch14_dinov2,center,1,0,0.47156291983878196
vit_small_patch14_dinov2,leace,1,0,0.4785042543663234
vit_small_patch14_dinov2,leace_rw,1,0,0.4785042543663234
vit_small_patch14_dinov2,sog_leace_rw,1,0,0.45342588446036725
vit_small_patch14_dinov2,mlp,1,0,0.9901477832512315
vit_small_patch14_dinov2,adv0.3,1,0,0.9879086430810569
vit_small_patch14_dinov2,adv1,1,0,0.9818629646215853
vit_small_patch14_dinov2,adv3,1,0,0.9876847290640394
vit_small_patch14_dinov2,adv10,1,0,0.9896999552171966
vit_small_patch14_dinov2,base,1,1,0.9814151365875503
vit_small_patch14_dinov2,sog,1,1,0.9883564711150918
vit_small_patch14_dinov2,center,1,1,0.48566950291088223
vit_small_patch14_dinov2,leace,1,1,0.5026869682042095
vit_small_patch14_dinov2,leace_rw,1,1,0.5026869682042095
vit_small_patch14_dinov2,sog_leace_rw,1,1,0.5821764442454098
vit_small_patch14_dinov2,mlp,1,1,0.9561128526645768
vit_small_patch14_dinov2,adv0.3,1,1,0.9460367218987908
vit_small_patch14_dinov2,adv1,1,1,0.9460367218987908
vit_small_patch14_dinov2,adv3,1,1,0.9498432601880876
vit_small_patch14_dinov2,adv10,1,1,0.9635020152261531
vit_small_patch14_dinov2,base,1,2,0.9968239564428312
vit_small_patch14_dinov2,sog,1,2,1.0
vit_small_patch14_dinov2,center,1,2,0.6050362976406534
vit_small_patch14_dinov2,leace,1,2,0.5902903811252268
vit_small_patch14_dinov2,leace_rw,1,2,0.5902903811252268
vit_small_patch14_dinov2,sog_leace_rw,1,2,0.4868421052631579
vit_small_patch14_dinov2,mlp,1,2,0.986842105263158
vit_small_patch14_dinov2,adv0.3,1,2,0.977994555353902
vit_small_patch14_dinov2,adv1,1,2,0.9841197822141561
vit_small_patch14_dinov2,adv3,1,2,0.991152450090744
vit_small_patch14_dinov2,adv10,1,2,0.9841197822141561
vit_small_patch14_dinov2,base,1,3,0.9941016333938294
vit_small_patch14_dinov2,sog,1,3,0.9927404718693285
vit_small_patch14_dinov2,center,1,3,0.5740698729582576
vit_small_patch14_dinov2,leace,1,3,0.49591651542649723
vit_small_patch14_dinov2,leace_rw,1,3,0.49591651542649723
vit_small_patch14_dinov2,sog_leace_rw,1,3,0.48616152450090744
vit_small_patch14_dinov2,mlp,1,3,0.9736842105263158
vit_small_patch14_dinov2,adv0.3,1,3,0.9600725952813067
vit_small_patch14_dinov2,adv1,1,3,0.9673321234119783
vit_small_patch14_dinov2,adv3,1,3,0.9732304900181488
vit_small_patch14_dinov2,adv10,1,3,0.977994555353902
vit_small_patch14_dinov2,base,1,4,0.9916061705989111
vit_small_patch14_dinov2,sog,1,4,0.9959165154264973
vit_small_patch14_dinov2,center,1,4,0.37897005444646104
vit_small_patch14_dinov2,leace,1,4,0.5124773139745916
vit_small_patch14_dinov2,leace_rw,1,4,0.5124773139745916
vit_small_patch14_dinov2,sog_leace_rw,1,4,0.5372050816696914
vit_small_patch14_dinov2,mlp,1,4,0.9718693284936479
vit_small_patch14_dinov2,adv0.3,1,4,0.9591651542649728
vit_small_patch14_dinov2,adv1,1,4,0.9716424682395645
vit_small_patch14_dinov2,adv3,1,4,0.9730036297640653
vit_small_patch14_dinov2,adv10,1,4,0.9800362976406534
vit_small_patch14_dinov2,base,2,0,0.987460815047022
vit_small_patch14_dinov2,sog,2,0,0.9941782355575459
vit_small_patch14_dinov2,center,2,0,0.5709807433945366
vit_small_patch14_dinov2,leace,2,0,0.6236005373936409
vit_small_patch14_dinov2,leace_rw,2,0,0.6236005373936409
vit_small_patch14_dinov2,sog_leace_rw,2,0,0.4310344827586207
vit_small_patch14_dinov2,mlp,2,0,0.9767129422301836
vit_small_patch14_dinov2,adv0.3,2,0,0.9655172413793104
vit_small_patch14_dinov2,adv1,2,0,0.9753694581280787
vit_small_patch14_dinov2,adv3,2,0,0.9684281236005374
vit_small_patch14_dinov2,adv10,2,0,0.9780564263322884
vit_small_patch14_dinov2,base,2,1,0.9928347514554411
vit_small_patch14_dinov2,sog,2,1,0.9935064935064936
vit_small_patch14_dinov2,center,2,1,0.5053739364084192
vit_small_patch14_dinov2,leace,2,1,0.5306762203313927
vit_small_patch14_dinov2,leace_rw,2,1,0.5306762203313927
vit_small_patch14_dinov2,sog_leace_rw,2,1,0.5595611285266457
vit_small_patch14_dinov2,mlp,2,1,0.9733542319749215
vit_small_patch14_dinov2,adv0.3,2,1,0.9758172861621137
vit_small_patch14_dinov2,adv1,2,1,0.9847738468428123
vit_small_patch14_dinov2,adv3,2,1,0.9849977608598298
vit_small_patch14_dinov2,adv10,2,1,0.9793999104343932
vit_small_patch14_dinov2,base,2,2,0.992513611615245
vit_small_patch14_dinov2,sog,2,2,0.9922867513611615
vit_small_patch14_dinov2,center,2,2,0.49886569872958264
vit_small_patch14_dinov2,leace,2,2,0.4927404718693285
vit_small_patch14_dinov2,leace_rw,2,2,0.4927404718693285
vit_small_patch14_dinov2,sog_leace_rw,2,2,0.5013611615245009
vit_small_patch14_dinov2,mlp,2,2,0.9766333938294012
vit_small_patch14_dinov2,adv0.3,2,2,0.9798094373865698
vit_small_patch14_dinov2,adv1,2,2,0.9789019963702359
vit_small_patch14_dinov2,adv3,2,2,0.976179673321234
vit_small_patch14_dinov2,adv10,2,2,0.9784482758620691
vit_small_patch14_dinov2,base,2,3,0.9911524500907442
vit_small_patch14_dinov2,sog,2,3,0.992967332123412
vit_small_patch14_dinov2,center,2,3,0.5112295825771325
vit_small_patch14_dinov2,leace,2,3,0.49001814882032674
vit_small_patch14_dinov2,leace_rw,2,3,0.49001814882032674
vit_small_patch14_dinov2,sog_leace_rw,2,3,0.5254083484573503
vit_small_patch14_dinov2,mlp,2,3,0.9686932849364791
vit_small_patch14_dinov2,adv0.3,2,3,0.9643829401088929
vit_small_patch14_dinov2,adv1,2,3,0.9684664246823957
vit_small_patch14_dinov2,adv3,2,3,0.9550816696914701
vit_small_patch14_dinov2,adv10,2,3,0.9641560798548094
vit_small_patch14_dinov2,base,2,4,0.9950090744101633
vit_small_patch14_dinov2,sog,2,4,0.9990925589836661
vit_small_patch14_dinov2,center,2,4,0.5022686025408348
vit_small_patch14_dinov2,leace,2,4,0.4950090744101634
vit_small_patch14_dinov2,leace_rw,2,4,0.4950090744101634
vit_small_patch14_dinov2,sog_leace_rw,2,4,0.5106624319419237
vit_small_patch14_dinov2,mlp,2,4,0.9782214156079854
vit_small_patch14_dinov2,adv0.3,2,4,0.9818511796733213
vit_small_patch14_dinov2,adv1,2,4,0.9802631578947368
vit_small_patch14_dinov2,adv3,2,4,0.98502722323049
vit_small_patch14_dinov2,adv10,2,4,0.979355716878403
vit_small_patch14_dinov2,base,3,0,0.9894760412001792
vit_small_patch14_dinov2,sog,3,0,0.9944021495745634
vit_small_patch14_dinov2,center,3,0,0.5409762651141962
vit_small_patch14_dinov2,leace,3,0,0.5429914912673532
vit_small_patch14_dinov2,leace_rw,3,0,0.5429914912673532
vit_small_patch14_dinov2,sog_leace_rw,3,0,0.49641737572772054
vit_small_patch14_dinov2,mlp,3,0,0.9780564263322884
vit_small_patch14_dinov2,adv0.3,3,0,0.9612628750559785
vit_small_patch14_dinov2,adv1,3,0,0.9601433049708912
vit_small_patch14_dinov2,adv3,3,0,0.961038961038961
vit_small_patch14_dinov2,adv10,3,0,0.9664128974473802
vit_small_patch14_dinov2,base,3,1,0.9950738916256158
vit_small_patch14_dinov2,sog,3,1,0.9964173757277205
vit_small_patch14_dinov2,center,3,1,0.47559337214509634
vit_small_patch14_dinov2,leace,3,1,0.53269144648455
vit_small_patch14_dinov2,leace_rw,3,1,0.53269144648455
vit_small_patch14_dinov2,sog_leace_rw,3,1,0.45633676668159423
vit_small_patch14_dinov2,mlp,3,1,0.9872369010300045
vit_small_patch14_dinov2,adv0.3,3,1,0.9567845947156292
vit_small_patch14_dinov2,adv1,3,1,0.9746977160770265
vit_small_patch14_dinov2,adv3,3,1,0.9758172861621137
vit_small_patch14_dinov2,adv10,3,1,0.9789520824003582
vit_small_patch14_dinov2,base,3,2,0.9902450090744102
vit_small_patch14_dinov2,sog,3,2,0.9938747731397459
vit_small_patch14_dinov2,center,3,2,0.433983666061706
vit_small_patch14_dinov2,leace,3,2,0.5111161524500907
vit_small_patch14_dinov2,leace_rw,3,2,0.5111161524500907
vit_small_patch14_dinov2,sog_leace_rw,3,2,0.5818965517241379
vit_small_patch14_dinov2,mlp,3,2,0.9641560798548094
vit_small_patch14_dinov2,adv0.3,3,2,0.9600725952813066
vit_small_patch14_dinov2,adv1,3,2,0.9652903811252269
vit_small_patch14_dinov2,adv3,3,2,0.9727767695099818
vit_small_patch14_dinov2,adv10,3,2,0.9720961887477314
vit_small_patch14_dinov2,base,3,3,0.9945553539019963
vit_small_patch14_dinov2,sog,3,3,0.9977313974591652
vit_small_patch14_dinov2,center,3,3,0.5831442831215972
vit_small_patch14_dinov2,leace,3,3,0.4655172413793104
vit_small_patch14_dinov2,leace_rw,3,3,0.4655172413793104
vit_small_patch14_dinov2,sog_leace_rw,3,3,0.3357531760435572
vit_small_patch14_dinov2,mlp,3,3,0.9800362976406534
vit_small_patch14_dinov2,adv0.3,3,3,0.9827586206896551
vit_small_patch14_dinov2,adv1,3,3,0.9825317604355717
vit_small_patch14_dinov2,adv3,3,3,0.9945553539019963
vit_small_patch14_dinov2,adv10,3,3,0.9854809437386569
vit_small_patch14_dinov2,base,3,4,0.9988656987295826
vit_small_patch14_dinov2,sog,3,4,0.9993194192377495
vit_small_patch14_dinov2,center,3,4,0.5225725952813067
vit_small_patch14_dinov2,leace,3,4,0.5381125226860254
vit_small_patch14_dinov2,leace_rw,3,4,0.5381125226860254
vit_small_patch14_dinov2,sog_leace_rw,3,4,0.5549001814882033
vit_small_patch14_dinov2,mlp,3,4,0.9845735027223231
vit_small_patch14_dinov2,adv0.3,3,4,0.9773139745916515
vit_small_patch14_dinov2,adv1,3,4,0.9838929219600725
vit_small_patch14_dinov2,adv3,3,4,0.9798094373865698
vit_small_patch14_dinov2,adv10,3,4,0.9820780399274047
vit_small_patch14_dinov2,base,4,0,0.9993282579489476
vit_small_patch14_dinov2,sog,4,0,0.9991043439319302
vit_small_patch14_dinov2,center,4,0,0.609270040304523
vit_small_patch14_dinov2,leace,4,0,0.5747872816838334
vit_small_patch14_dinov2,leace_rw,4,0,0.5747872816838334
vit_small_patch14_dinov2,sog_leace_rw,4,0,0.5051500223914017
vit_small_patch14_dinov2,mlp,4,0,0.9863412449619346
vit_small_patch14_dinov2,adv0.3,4,0,0.9856695029108822
vit_small_patch14_dinov2,adv1,4,0,0.9946260635915809
vit_small_patch14_dinov2,adv3,4,0,0.9988804299149127
vit_small_patch14_dinov2,adv10,4,0,0.9921630094043887
vit_small_patch14_dinov2,base,4,1,0.9894760412001791
vit_small_patch14_dinov2,sog,4,1,0.9926108374384237
vit_small_patch14_dinov2,center,4,1,0.44793999104343935
vit_small_patch14_dinov2,leace,4,1,0.6050156739811912
vit_small_patch14_dinov2,leace_rw,4,1,0.6050156739811912
vit_small_patch14_dinov2,sog_leace_rw,4,1,0.48298253470667263
vit_small_patch14_dinov2,mlp,4,1,0.9666368114643977
vit_small_patch14_dinov2,adv0.3,4,1,0.9711150918047469
vit_small_patch14_dinov2,adv1,4,1,0.9632781012091357
vit_small_patch14_dinov2,adv3,4,1,0.9661889834303627
vit_small_patch14_dinov2,adv10,4,1,0.9733542319749215
vit_small_patch14_dinov2,base,4,2,0.9943284936479129
vit_small_patch14_dinov2,sog,4,2,0.9943284936479129
vit_small_patch14_dinov2,center,4,2,0.45315335753176045
vit_small_patch14_dinov2,leace,4,2,0.4478221415607985
vit_small_patch14_dinov2,leace_rw,4,2,0.4478221415607985
vit_small_patch14_dinov2,sog_leace_rw,4,2,0.45462794918330307
vit_small_patch14_dinov2,mlp,4,2,0.9793557168784028
vit_small_patch14_dinov2,adv0.3,4,2,0.9734573502722323
vit_small_patch14_dinov2,adv1,4,2,0.9807168784029038
vit_small_patch14_dinov2,adv3,4,2,0.9789019963702359
vit_small_patch14_dinov2,adv10,4,2,0.9866152450090744
vit_small_patch14_dinov2,base,4,3,0.9975045372050817
vit_small_patch14_dinov2,sog,4,3,1.0
vit_small_patch14_dinov2,center,4,3,0.5910843920145191
vit_small_patch14_dinov2,leace,4,3,0.45984573502722326
vit_small_patch14_dinov2,leace_rw,4,3,0.45984573502722326
vit_small_patch14_dinov2,sog_leace_rw,4,3,0.5639745916515427
vit_small_patch14_dinov2,mlp,4,3,0.9823049001814883
vit_small_patch14_dinov2,adv0.3,4,3,0.9872958257713249
vit_small_patch14_dinov2,adv1,4,3,0.9857078039927405
vit_small_patch14_dinov2,adv3,4,3,0.9954627949183303
vit_small_patch14_dinov2,adv10,4,3,0.9968239564428312
vit_small_patch14_dinov2,base,4,4,0.9825317604355717
vit_small_patch14_dinov2,sog,4,4,0.9922867513611615
vit_small_patch14_dinov2,center,4,4,0.45939201451905626
vit_small_patch14_dinov2,leace,4,4,0.521551724137931
vit_small_patch14_dinov2,leace_rw,4,4,0.521551724137931
vit_small_patch14_dinov2,sog_leace_rw,4,4,0.5474137931034483
vit_small_patch14_dinov2,mlp,4,4,0.9768602540834845
vit_small_patch14_dinov2,adv0.3,4,4,0.9587114337568058
vit_small_patch14_dinov2,adv1,4,4,0.9630217785843921
vit_small_patch14_dinov2,adv3,4,4,0.9460072595281307
vit_small_patch14_dinov2,adv10,4,4,0.9512250453720508
