backbone,method,train,test,auc,auc_lo,auc_hi
convnext_tiny,base,Samsung,Xiaomi,0.5301676247524274,0.46136098848722695,0.5992327973375371
convnext_tiny,sog,Samsung,Xiaomi,0.5960098545963963,0.5265633133496216,0.6600654698295864
convnext_tiny,center,Samsung,Xiaomi,0.5275107482730302,0.45952917207713173,0.5947024498456789
convnext_tiny,sog_center,Samsung,Xiaomi,0.5940292739481184,0.525015230317738,0.6617761116351779
convnext_tiny,base,Xiaomi,Samsung,0.5074763832658569,0.42210164413976203,0.5919785676440359
convnext_tiny,sog,Xiaomi,Samsung,0.5685290148448043,0.4906079846644003,0.6446798461557516
convnext_tiny,center,Xiaomi,Samsung,0.5082860998650472,0.42726120015817254,0.5870466780599639
convnext_tiny,sog_center,Xiaomi,Samsung,0.5748987854251012,0.4982115468886942,0.6492321187584346
vit_small_patch14_dinov2,base,Samsung,Xiaomi,0.5193468914545192,0.44990284511952383,0.5882957974739254
vit_small_patch14_dinov2,sog,Samsung,Xiaomi,0.5365441283029806,0.46503806989453045,0.6024649506267153
vit_small_patch14_dinov2,center,Samsung,Xiaomi,0.5276556688082701,0.461400027325825,0.5926625461798916
vit_small_patch14_dinov2,sog_center,Samsung,Xiaomi,0.5383797884160185,0.47034207669914996,0.6030557375978948
vit_small_patch14_dinov2,base,Xiaomi,Samsung,0.5020782726045885,0.42304539087278253,0.5818519293099209
vit_small_patch14_dinov2,sog,Xiaomi,Samsung,0.5347368421052632,0.4517324847622794,0.6226470001639588
vit_small_patch14_dinov2,center,Xiaomi,Samsung,0.5076923076923077,0.4269622707214561,0.5877770146520147
vit_small_patch14_dinov2,sog_center,Xiaomi,Samsung,0.5356545209176788,0.45567051699047423,0.6120002742881285
