model,repeats,auc,auc_sd,auc_deconf,auc_deconf_sd,auc_deconf_lo,auc_deconf_lo_sd,auc_deconf_hi,auc_deconf_hi_sd,auc_Samsung,auc_Samsung_sd,auc_Xiaomi,auc_Xiaomi_sd,auc_within,auc_within_sd,phone_id_auc
phone,5,0.6727105384261389,0.0,0.49560657968058097,0.0,0.4485625877556304,0.0025190053881780313,0.5481102818933348,0.002607859994542772,0.4894736842105264,0.0,0.49159460895608903,6.206335383118183e-17,0.4905341465833077,0.0,
size,5,0.5619447768062587,0.011866743686295046,0.4977337404053329,0.012623645066657944,0.4470070979854647,0.012726976371698439,0.5520237240914463,0.011989572516234198,0.5251174089068826,0.017816112387790243,0.49003912854451476,0.013659583688070244,0.5075782687256987,0.015266886948275112,
lowlevel,5,0.6463212149102623,0.005761136142504402,0.5248730044442029,0.007343803776188912,0.4740467383620561,0.005577678490445352,0.5775939940293893,0.007570003433037551,0.5181430499325236,0.017365085186434325,0.5636056229167673,0.010466790278136937,0.5408743364246454,0.010331191809479532,
sym_lr,5,0.5736161988034975,0.015829566712442636,0.5355054607560443,0.01563547485892536,0.48256041706247454,0.015410129787318644,0.5897319734874229,0.018061184078870283,0.5281187584345478,0.023070177609524213,0.517641659823197,0.009204428524221297,0.5228802091288725,0.013462277027597152,
sym_lgbm,5,0.5914219972388403,0.014460670103971713,0.5501302298202221,0.016573834726602683,0.49707649185806924,0.017934663855937474,0.6033790301277571,0.016387288080364597,0.5326585695006749,0.025272758478902688,0.5509299067677891,0.0130314776881487,0.541794238134232,0.012245076617344447,
img_lr_vit_small_patch14_dinov2,5,0.7000404970087437,0.0042375960696513035,0.5576206742528136,0.00457928604933962,0.5062813968794246,0.005239110686957058,0.609802844216713,0.005267303968108608,0.554731443994602,0.011813454080668362,0.6022414376117096,0.009454761536868759,0.5784864408031558,0.005994141837684111,
img_lr_convnext_tiny,5,0.6810308329498389,0.005122085595841415,0.5453779904425252,0.007598394053959328,0.49505124876297285,0.006899422004343352,0.5983068663369148,0.007902307466835125,0.5527881241565452,0.01621247746347566,0.551934689145452,0.004094785223124974,0.5523614066509985,0.006548011079779716,
stack_vit_small_patch14_dinov2,5,0.702650713299586,0.004665184278685841,0.5594286637897004,0.00538741522194309,0.5070969672065482,0.005205425437870139,0.6117825148725944,0.005261809471813136,0.5545371120107963,0.01772691378313162,0.5975749963769866,0.007528556326945672,0.5760560541938915,0.009225609293538434,
late_vit_small_patch14_dinov2,5,0.6961435803037276,0.010182676673114139,0.5591785810395133,0.011079716531969883,0.5064177865574767,0.009944693912651627,0.6116507548023595,0.011608346026107039,0.5496140350877192,0.02434055924267831,0.5816047533935558,0.008761362299444457,0.5656093942406375,0.015421611908621237,
early_vit_small_patch14_dinov2,5,0.6864721583064888,0.004243363366853591,0.5533994899774548,0.005792823792761672,0.5018274201589823,0.004583688482699271,0.6055273220944379,0.006630407846840305,0.5513738191632929,0.013669930556071129,0.5902420172938505,0.014916517060378854,0.5708079182285717,0.008582325954950199,
gated_vit_small_patch14_dinov2,5,0.690566037735849,0.004002401263684851,0.567980671212826,0.0068958972619971885,0.515420135153511,0.008258734578202967,0.6187733226604005,0.006138638184333027,0.5804264507422401,0.018055675552864865,0.5713637022366069,0.0062286239866034395,0.5758950764894235,0.009015673868820667,
gated_convnext_tiny,5,0.683775425678785,0.013940487944774113,0.5681230922534545,0.01344759441960855,0.5183561631943834,0.014247977326892898,0.6189812958422313,0.013347267823759458,0.5914385964912279,0.01918166802590466,0.539867639244481,0.014402951371613432,0.5656531178678545,0.015215678165931147,
ft_densenet121,1,0.672185918085596,,0.5518753350849748,,0.4996832603705078,,0.6077181640274493,,0.5249122807017543,,0.5827737790444906,,0.5538430298731225,,
ft_mobilenetv3_large_100,1,0.5780579843534285,,0.518347667681923,,0.4694662150807314,,0.5709188187483215,,0.5567071524966262,,0.46123375682334183,,0.508970454659984,,
ft_convnext_tiny,1,0.6880901978831109,,0.5827247370430146,,0.5355522910712958,,0.6336867776425316,,0.6152226720647773,,0.5794406067339741,,0.5973316393993757,,
mit_adjust_convnext_tiny,5,0.6788881730326737,0.005285256825340549,0.5458381416784094,0.007883151770127588,0.49539242937997335,0.006979918816769865,0.5989689527525526,0.008082237728414203,0.5516869095816465,0.016145450293244306,0.5519829959905318,0.0036945421247205714,0.5518349527860893,0.006609834507207783,
mit_adjust_vit_small_patch14_dinov2,5,0.6989746893695352,0.004416276178821327,0.5582619100604351,0.004824669965996638,0.5068672365322004,0.005595201189461398,0.6108157495035369,0.005167195642180621,0.5540836707152497,0.012228275633751591,0.6019999033863098,0.009898012438370345,0.5780417870507797,0.006355713618207835,
mit_adv0.3_convnext_tiny,5,0.6298113207547169,0.011937757878021876,0.5590180573150207,0.01343236241965948,0.5075478323053892,0.013811523812921021,0.611263344518574,0.014806428567171204,0.5430715249662618,0.00947407637284218,0.5856238829042076,0.011558314933185734,0.5643477039352347,0.009421452772147575,0.9761736629976195
mit_adv0.3_vit_small_patch14_dinov2,5,0.6521978831109067,0.0098417729570213,0.5596885625204123,0.009109759555673636,0.5102138297618649,0.01058107158963388,0.6107971752169107,0.008705845264380778,0.5659487179487179,0.018229932012892587,0.5674073716245592,0.017857126934815285,0.5666780447866385,0.009605912955678225,0.9703086477950363
mit_adv10_convnext_tiny,5,0.5879558214450069,0.006023339750866821,0.5565650359326485,0.009730795691453643,0.5061838265987646,0.011734173766888999,0.6056265879998127,0.011018884279206985,0.5559838056680162,0.019544165112257494,0.56294864982368,0.013939793715606804,0.5594662277458481,0.006797005553958046,0.9788651094821694
mit_adv10_vit_small_patch14_dinov2,5,0.6255738610216292,0.011279367550569047,0.545777844152241,0.011970756380826206,0.4935025718893106,0.010817666487329129,0.5982849666300858,0.011031552436108013,0.5236599190283401,0.01885553949609039,0.5751509588908749,0.023412065840356985,0.5494054389596075,0.01321536790381238,0.9776073019539444
mit_adv1_convnext_tiny,5,0.6121306948918546,0.017189072267363967,0.5551584700233295,0.01550905099385733,0.5045054828493447,0.015020019525646185,0.6063400801801022,0.015738851540639413,0.540923076923077,0.015072313781274632,0.5768996666827689,0.017858793014192968,0.5589113718029229,0.012010668622869284,0.9820758007872347
mit_adv1_vit_small_patch14_dinov2,5,0.6381555453290382,0.01555123304965686,0.5558388367477779,0.013537433053484708,0.5071514493341827,0.014409298905438505,0.6063780006988272,0.012024653782275263,0.5553036437246963,0.017944679058123098,0.5684266460557461,0.02002978541468647,0.5618651448902213,0.013383571709380811,0.9752447733754448
mit_adv3_convnext_tiny,5,0.6071017027151403,0.009452039743817501,0.5552440737837587,0.0068849881916807545,0.503660849537579,0.008229452369523037,0.6057287663195089,0.006597911000135427,0.5444858299595141,0.009595709206508199,0.5757016569247863,0.012952298454302015,0.5600937434421501,0.0049680112327730305,0.980948099087845
mit_adv3_vit_small_patch14_dinov2,5,0.6246663598711459,0.011563057447946019,0.5490249566642269,0.012919071471023821,0.5001057230187784,0.013922014700595928,0.6014503275991274,0.01107093291292455,0.5493657219973008,0.017233885715208664,0.5538186561035698,0.016164563222253944,0.5515921890504354,0.012916062459935825,0.9749206872981827
mit_base_convnext_tiny,5,0.6810308329498389,0.005122085595841415,0.5453779904425252,0.007598394053959328,0.49505124876297285,0.006899422004343352,0.5983068663369148,0.007902307466835125,0.5527881241565452,0.01621247746347566,0.551934689145452,0.004094785223124974,0.5523614066509985,0.006548011079779716,0.9959655408112758
mit_base_vit_small_patch14_dinov2,5,0.7000404970087437,0.0042375960696513035,0.5576206742528136,0.00457928604933962,0.5062813968794246,0.005239110686957058,0.609802844216713,0.005267303968108608,0.554731443994602,0.011813454080668362,0.6022414376117096,0.009454761536868759,0.5784864408031558,0.005994141837684111,0.9926999316473001
mit_center_convnext_tiny,5,0.5430814542107685,0.00441248043164895,0.5474460609089207,0.008978240776114265,0.49491076257177113,0.008112682123629334,0.5999628119822947,0.008342123589198927,0.5394871794871794,0.020081878580074618,0.5533162649147384,0.008905599774389709,0.546401722200959,0.006308447266927907,0.5053123600537394
mit_center_vit_small_patch14_dinov2,5,0.582844914864243,0.009688802282023137,0.5768439596457137,0.010286018615932523,0.5248087184211635,0.009761251354059204,0.6286210421261198,0.01131188672109954,0.5438920377867745,0.014551668396555402,0.5950243949567653,0.013714618742013263,0.5694582163717701,0.009852357823214463,0.5118120536450845
mit_leace_convnext_tiny,5,0.545849976990336,0.014368999432547847,0.5326456736964145,0.014768058379292934,0.48066943179761684,0.013145428703542196,0.584323520661908,0.01643291731539015,0.5106072874493928,0.02076663063926927,0.5566977440703347,0.018209579062058952,0.5336525157598638,0.015910794538958835,0.5163252174322954
mit_leace_rw_convnext_tiny,5,0.5446497929130236,0.009365916699738935,0.5323935738314947,0.012344268372704251,0.4810907094282988,0.012294773502438086,0.5830404563194348,0.012301900886046466,0.5109527665317138,0.0174999804218211,0.560262789237235,0.007330474209526924,0.5356077778844744,0.00981353747260869,0.5163252174322954
mit_leace_rw_vit_small_patch14_dinov2,5,0.5742936033133915,0.0029957981731864826,0.5534090597635768,0.0055745128206171005,0.5022222947439682,0.005631698739913628,0.6037468472356826,0.0062155994368438446,0.5209932523616734,0.010901885087993276,0.579711125066422,0.005407087690858656,0.5503521887140477,0.006411683630981956,0.5195224738963397
mit_leace_vit_small_patch14_dinov2,5,0.5788844914864243,0.003997585427226624,0.5590858554700722,0.004555603235942689,0.508354144669769,0.0035803316305955085,0.6090017741214723,0.005647884715381306,0.5311848852901484,0.010030569886223783,0.5788319404859669,0.008669739721872537,0.5550084128880577,0.0051502014500999895,0.5195224738963397
mit_mlp_convnext_tiny,5,0.6531762540266913,0.007624891912459644,0.5663807254776303,0.008481795107852252,0.5163885115331704,0.009581416126452231,0.6169330154081644,0.008525098311399554,0.5662618083670715,0.013299415408871447,0.5949567653736535,0.012531013495455443,0.5806092868703624,0.008465428472809598,0.9823839771843401
mit_mlp_vit_small_patch14_dinov2,5,0.6621794753796595,0.007939662280427438,0.5596504868716065,0.009358559353945065,0.5103294474122875,0.010461758005697467,0.6109130746647514,0.008877516641418254,0.5721241565452091,0.017634174260101113,0.5672286362977635,0.015248727285783,0.5696763964214863,0.009072961254663765,0.9773103212576896
mit_reweight_convnext_tiny,5,0.5647823285780028,0.012427833918821136,0.5184128966903139,0.015432656814178412,0.4682676106427204,0.015139639177798602,0.5698836023312157,0.01613030441221516,0.5104885290148446,0.023853951115223905,0.52404231679629,0.03488315184750465,0.5172654229055673,0.01454749073670707,0.9959655408112758
mit_reweight_vit_small_patch14_dinov2,5,0.6307427519558214,0.006735894817965091,0.5640966681005362,0.011038128691819034,0.5113503701933444,0.011737225436073064,0.6179546721360639,0.010892167470017654,0.5346504723346828,0.016437251395508504,0.5839911115405052,0.010293008716851581,0.559320791937594,0.01167055737855058,0.9926999316473001
mit_sog_convnext_tiny,5,0.6724233778186839,0.007767123059062565,0.5415446447845321,0.009497584930549948,0.49087886273427206,0.007702184562780334,0.5942955288264836,0.01142755263577268,0.5516977058029688,0.019536738712794866,0.5445823873242839,0.007548290412828227,0.5481400465636265,0.010069422412573314,0.9931021519315532
mit_sog_leace_rw_convnext_tiny,5,0.5346562356189599,0.0180149131250577,0.5238492409604093,0.02023639649383819,0.47271758144931314,0.02031817462907971,0.5756269193580766,0.021273436234250816,0.511578947368421,0.02329467703449994,0.5441572870875804,0.02566634099514842,0.5278681172280006,0.02082523383550668,0.5165427675772503
mit_sog_leace_rw_vit_small_patch14_dinov2,5,0.5787206626783249,0.005472694656352114,0.5556849788183358,0.009402516501063865,0.5036820198243074,0.010155905017000954,0.6083670996361402,0.01063174659591876,0.5203238866396761,0.025608758730107747,0.5914303656828173,0.006519581008666169,0.5558771261612467,0.01195433350904766,0.5117053998632946
mit_sog_vit_small_patch14_dinov2,5,0.6984960883571101,0.004707876681546126,0.5493146965945441,0.004527714562775383,0.49647445986585187,0.005843138341643108,0.6027956128121275,0.005758835853790156,0.5368205128205129,0.007767710555857567,0.60195159654123,0.010289528095147906,0.5693860546808713,0.004786555683927545,0.9954341574940484
