model,repeat,auc,pr_auc,bal_acc,f1_macro,sensitivity,specificity,accuracy,brier,cal_slope,cal_intercept,auc_lo,auc_hi
sym_lr,0,0.5651955821445007,0.3388105459598121,0.5590427979751496,0.5556266548984996,0.40487804878048783,0.7132075471698113,0.6272108843537415,0.24633495042471745,0.5513798185985718,-0.9369317751852938,0.5174874014803867,0.6128324031782416
sym_lr,1,0.5598067188219052,0.33078934701084367,0.5575011504832029,0.5434019429177613,0.48292682926829267,0.6320754716981132,0.5904761904761905,0.2463516333043594,0.4907298237684168,-0.9324012098074197,0.515663709948369,0.6036907621376354
sym_lr,2,0.581891394385642,0.34355854608860686,0.5807869305108145,0.5632924274415554,0.5219512195121951,0.6396226415094339,0.6068027210884354,0.2455110244199225,0.44858328431434524,-0.9290376085168145,0.5347906947553684,0.630321656707169
sym_lr,3,0.5636401288541187,0.3322010820498373,0.5553152323976069,0.5338016860698515,0.5219512195121951,0.5886792452830188,0.5700680272108843,0.2469552168108074,0.4698051061351633,-0.9339158880597878,0.5174918997580138,0.6074361763054641
sym_lr,4,0.5975471698113207,0.35288962574496674,0.5829728485964105,0.572471213613668,0.48292682926829267,0.6830188679245283,0.6272108843537415,0.24155316787579276,0.9633537402947652,-0.9390335095916749,0.549746327174382,0.6463413261441262
sym_lgbm,0,0.5896318453750575,0.35147816080464,0.5526231017027152,0.4915254237288136,0.6731707317073171,0.4320754716981132,0.4993197278911565,0.24551758624279849,0.3207783536875119,-0.8874085342919753,0.5412490768250906,0.6388920279072537
sym_lgbm,1,0.6067602393005063,0.35245902353747877,0.5643120110446387,0.5609668684294361,0.4097560975609756,0.7188679245283018,0.6326530612244898,0.23502310676973576,0.4291371277757138,-0.8688480274507737,0.5622271684747254,0.6478487836387345
sym_lgbm,2,0.5708881730326738,0.3542474872985013,0.5454440865163368,0.5014092581092056,0.6097560975609756,0.4811320754716981,0.5170068027210885,0.24446942274368028,0.24923010987674776,-0.8824645414038164,0.5240097625694656,0.6191718606327086
sym_lgbm,3,0.586198803497469,0.34516161080086794,0.5670731707317073,0.5612664179153073,0.43414634146341463,0.7,0.6258503401360545,0.24078724713529012,0.39737477526052684,-0.8918216285092322,0.5425691951433098,0.6351240718627355
sym_lgbm,4,0.6036309249884951,0.3699082355138543,0.5757248044178555,0.5697816867543285,0.44390243902439025,0.7075471698113207,0.6340136054421769,0.23561301882889524,0.4658174575756986,-0.8751725452429325,0.5555054246943968,0.6475680632096932
sym_mlp,0,0.5737643810400368,0.33330996273112123,0.5401518637827888,0.5109435911887652,0.5463414634146342,0.5339622641509434,0.5374149659863946,0.2449093912531676,0.07635145682208885,-0.81927078287879,0.5260782503570159,0.6192795452253033
sym_mlp,1,0.6052922227335481,0.378001048587307,0.5917395306028532,0.5631770825023533,0.5853658536585366,0.5981132075471698,0.5945578231292517,0.2329443151420354,0.06329178604982032,-0.7892790617684984,0.5611587821179228,0.6549040258934526
sym_mlp,2,0.5968936953520478,0.36678328828511264,0.5916705016106765,0.591806871314371,0.4097560975609756,0.7735849056603774,0.672108843537415,0.2396602259141073,0.0747229355052285,-0.7640991647125894,0.5470858959509394,0.6437370601482253
sym_mlp,3,0.6149516797054763,0.38259525142751566,0.5928670041417395,0.58806266548985,0.45365853658536587,0.7320754716981132,0.654421768707483,0.2278309879675844,0.07909440872672185,-0.8002155129759845,0.5679418468795806,0.6645769987448238
sym_mlp,4,0.5902761159687069,0.3544284462663281,0.5744822825586746,0.5627473938899621,0.48292682926829267,0.6660377358490566,0.6149659863945578,0.23361349212876245,0.1243956565962778,-0.7330878826196565,0.5441915104299105,0.6376260025532311
centor,0,0.436870685687989,0.2527810194354276,0.49558214450069027,0.2439463686093989,0.9609756097560975,0.03018867924528302,0.2897959183673469,0.24142101284958428,-0.013263767547782227,-0.9693066536553864,0.39144027859206243,0.47764319144544787
centor,1,0.436870685687989,0.2527810194354276,0.4967556373676944,0.2587713812189249,0.9463414634146341,0.04716981132075472,0.2979591836734694,0.24142101284958428,-0.013263767547782216,-0.9693066536553864,0.3972247731082318,0.47795051181856746
centor,2,0.436870685687989,0.2527810194354276,0.48637827887712837,0.23724708314872248,0.9463414634146341,0.026415094339622643,0.2829931972789116,0.24142101284958428,-0.013263767547782206,-0.9693066536553864,0.39300067126243443,0.481171592136484
centor,3,0.436870685687989,0.2527810194354276,0.4936953520478601,0.23995926873164725,0.9609756097560975,0.026415094339622643,0.2870748299319728,0.24142101284958428,-0.013263767547782187,-0.9693066536553864,0.39667702058482923,0.4790142535264324
centor,4,0.436870685687989,0.2527810194354276,0.49502991256327655,0.2469928678316989,0.9560975609756097,0.033962264150943396,0.291156462585034,0.24142101284958428,-0.013263767547782208,-0.9693066536553864,0.39320809456274,0.48073481855802763
phone,0,0.6727105384261389,0.39489352686507617,0.6675793833410032,0.6215926240332013,0.7219512195121951,0.6132075471698113,0.6435374149659864,0.18221183126420445,0.99791203665385,-0.001695959114474078,0.6285503351329585,0.7144980067841111
phone,1,0.6727105384261389,0.39489352686507617,0.6675793833410032,0.6215926240332013,0.7219512195121951,0.6132075471698113,0.6435374149659864,0.18221183126420445,0.99791203665385,-0.0016959591144740706,0.6279083031040958,0.7143157854751123
phone,2,0.6727105384261389,0.39489352686507617,0.6675793833410032,0.6215926240332013,0.7219512195121951,0.6132075471698113,0.6435374149659864,0.18221183126420445,0.99791203665385,-0.0016959591144739903,0.6267261788290363,0.7158744765473459
phone,3,0.6727105384261389,0.39489352686507617,0.6675793833410032,0.6215926240332013,0.7219512195121951,0.6132075471698113,0.6435374149659864,0.18221183126420445,0.9979120366538503,-0.001695959114473707,0.6317373188243691,0.7128194988769132
phone,4,0.6727105384261389,0.39489352686507617,0.6675793833410032,0.6215926240332013,0.7219512195121951,0.6132075471698113,0.6435374149659864,0.18221183126420445,0.9979120366538498,-0.0016959591144742774,0.6269249125551474,0.7140849707295681
