,mean_abs_shap
Cough,0.24551398642720218
age,0.206437428622547
Vomit,0.14757580788452415
Myalgia,0.13666320290583256
Sore Throat,0.08448879641097225
Sputum,0.07913860508116918
Rigors,0.053502156889742594
Rhinorrhea,0.05113811669972019
Vertigo,0.027861203556489154
Abdominal Pain,0.024722942456195482
gender,0.024581652847374184
Pyrexia,0.02167900512862574
Asthma,0.020811498893694536
Lethargy,0.020211480526500535
Feeling Cold,0.008377756006765064
Cephalalgia,0.007513689949000381
Eye Infection,0.007430340245587315
Sternutation,0.004404837986549791
Nasal Congestion,0.0037184766842217397
Diarrhea,0.0
Otalgia,0.0
Anorexia,0.0
