symptom,samsung_pct,xiaomi_pct,p,p_bonferroni
Myalgia,26.17801047120419,10.0,2.2767980470337448e-07,4.553596094067489e-06
Cephalalgia,21.727748691099478,7.586206896551724,9.911314343041835e-07,1.982262868608367e-05
Lethargy,12.827225130890053,3.103448275862069,1.6537260154700673e-05,0.00033074520309401347
Diarrhea,6.282722513089005,0.3448275862068966,0.00013206736304571156,0.0026413472609142312
Pyrexia,25.392670157068064,13.448275862068964,0.00019912691060851556,0.003982538212170312
Vomit,11.2565445026178,3.793103448275862,0.0007201740250555912,0.014403480501111825
Otalgia,7.591623036649215,1.7241379310344827,0.0011156212302870685,0.02231242460574137
Vertigo,6.806282722513089,1.3793103448275863,0.0014453856959667716,0.028907713919335432
Rhinorrhea,32.19895287958115,21.72413793103448,0.00351216096740637,0.0702432193481274
Cough,28.534031413612563,38.96551724137931,0.005695731891194057,0.11391463782388114
Sputum,12.041884816753926,5.862068965517241,0.009638184518100433,0.19276369036200866
Rigors,9.947643979057592,4.482758620689655,0.012333341149634115,0.2466668229926823
Abdominal Pain,4.450261780104712,1.0344827586206897,0.0186877046260575,0.37375409252115
Sternutation,3.926701570680628,1.0344827586206897,0.039516210854598985,0.7903242170919798
Sore Throat,47.12041884816754,40.689655172413794,0.11327949026126141,1.0
Nasal Congestion,2.094240837696335,0.6896551724137931,0.2428697414801731,1.0
Anorexia,2.094240837696335,1.0344827586206897,0.444020336892085,1.0
Eye Infection,2.094240837696335,1.0344827586206897,0.444020336892085,1.0
Feeling Cold,2.8795811518324608,4.137931034482759,0.5000217119694434,1.0
Asthma,2.8795811518324608,3.4482758620689653,0.8447354909782384,1.0
