patient_id,repeat,fold
5,0,0
18,0,0
26,0,0
28,0,0
29,0,0
32,0,0
40,0,0
49,0,0
51,0,0
55,0,0
59,0,0
63,0,0
64,0,0
67,0,0
73,0,0
77,0,0
82,0,0
83,0,0
98,0,0
107,0,0
109,0,0
112,0,0
113,0,0
116,0,0
122,0,0
134,0,0
137,0,0
138,0,0
139,0,0
147,0,0
151,0,0
153,0,0
160,0,0
161,0,0
177,0,0
183,0,0
199,0,0
210,0,0
211,0,0
213,0,0
230,0,0
232,0,0
233,0,0
240,0,0
244,0,0
248,0,0
253,0,0
259,0,0
282,0,0
285,0,0
287,0,0
294,0,0
300,0,0
307,0,0
310,0,0
315,0,0
316,0,0
319,0,0
329,0,0
330,0,0
338,0,0
339,0,0
342,0,0
345,0,0
358,0,0
362,0,0
372,0,0
377,0,0
379,0,0
386,0,0
404,0,0
409,0,0
411,0,0
412,0,0
414,0,0
418,0,0
426,0,0
428,0,0
433,0,0
438,0,0
443,0,0
444,0,0
445,0,0
452,0,0
463,0,0
467,0,0
469,0,0
475,0,0
476,0,0
486,0,0
487,0,0
490,0,0
492,0,0
493,0,0
497,0,0
518,0,0
527,0,0
528,0,0
536,0,0
545,0,0
549,0,0
563,0,0
565,0,0
569,0,0
581,0,0
584,0,0
592,0,0
601,0,0
610,0,0
619,0,0
645,0,0
654,0,0
656,0,0
659,0,0
672,0,0
682,0,0
689,0,0
690,0,0
695,0,0
699,0,0
701,0,0
702,0,0
706,0,0
712,0,0
714,0,0
720,0,0
735,0,0
2,0,1
6,0,1
14,0,1
30,0,1
34,0,1
38,0,1
39,0,1
56,0,1
61,0,1
65,0,1
66,0,1
68,0,1
69,0,1
74,0,1
78,0,1
85,0,1
87,0,1
93,0,1
94,0,1
95,0,1
96,0,1
106,0,1
120,0,1
124,0,1
127,0,1
131,0,1
141,0,1
142,0,1
143,0,1
148,0,1
149,0,1
150,0,1
152,0,1
155,0,1
156,0,1
159,0,1
163,0,1
166,0,1
168,0,1
182,0,1
187,0,1
190,0,1
200,0,1
202,0,1
204,0,1
208,0,1
209,0,1
212,0,1
215,0,1
221,0,1
224,0,1
226,0,1
242,0,1
243,0,1
247,0,1
250,0,1
260,0,1
267,0,1
279,0,1
281,0,1
304,0,1
308,0,1
309,0,1
317,0,1
326,0,1
328,0,1
331,0,1
333,0,1
336,0,1
340,0,1
360,0,1
366,0,1
367,0,1
371,0,1
393,0,1
396,0,1
397,0,1
399,0,1
401,0,1
408,0,1
415,0,1
422,0,1
423,0,1
434,0,1
436,0,1
440,0,1
458,0,1
464,0,1
474,0,1
482,0,1
494,0,1
496,0,1
498,0,1
500,0,1
503,0,1
508,0,1
509,0,1
514,0,1
516,0,1
521,0,1
524,0,1
533,0,1
539,0,1
550,0,1
551,0,1
573,0,1
577,0,1
580,0,1
587,0,1
600,0,1
604,0,1
606,0,1
612,0,1
625,0,1
639,0,1
661,0,1
663,0,1
667,0,1
674,0,1
675,0,1
685,0,1
730,0,1
731,0,1
733,0,1
737,0,1
738,0,1
741,0,1
11,0,2
15,0,2
21,0,2
24,0,2
25,0,2
27,0,2
31,0,2
45,0,2
47,0,2
48,0,2
50,0,2
52,0,2
53,0,2
58,0,2
72,0,2
80,0,2
81,0,2
84,0,2
91,0,2
92,0,2
101,0,2
102,0,2
110,0,2
118,0,2
121,0,2
125,0,2
126,0,2
128,0,2
130,0,2
133,0,2
140,0,2
145,0,2
154,0,2
157,0,2
158,0,2
167,0,2
172,0,2
173,0,2
176,0,2
194,0,2
197,0,2
201,0,2
217,0,2
219,0,2
229,0,2
234,0,2
235,0,2
237,0,2
239,0,2
246,0,2
252,0,2
255,0,2
270,0,2
280,0,2
286,0,2
299,0,2
312,0,2
318,0,2
321,0,2
324,0,2
334,0,2
343,0,2
344,0,2
346,0,2
353,0,2
354,0,2
365,0,2
384,0,2
406,0,2
407,0,2
420,0,2
424,0,2
425,0,2
427,0,2
430,0,2
431,0,2
441,0,2
447,0,2
450,0,2
459,0,2
472,0,2
473,0,2
477,0,2
483,0,2
489,0,2
495,0,2
504,0,2
507,0,2
517,0,2
519,0,2
526,0,2
534,0,2
535,0,2
537,0,2
556,0,2
586,0,2
589,0,2
594,0,2
608,0,2
616,0,2
622,0,2
624,0,2
627,0,2
634,0,2
651,0,2
652,0,2
658,0,2
660,0,2
668,0,2
673,0,2
676,0,2
677,0,2
678,0,2
681,0,2
691,0,2
692,0,2
696,0,2
703,0,2
704,0,2
709,0,2
710,0,2
721,0,2
723,0,2
727,0,2
728,0,2
729,0,2
736,0,2
1,0,3
3,0,3
7,0,3
8,0,3
9,0,3
12,0,3
13,0,3
17,0,3
37,0,3
42,0,3
43,0,3
54,0,3
76,0,3
79,0,3
86,0,3
97,0,3
100,0,3
103,0,3
108,0,3
115,0,3
119,0,3
123,0,3
129,0,3
132,0,3
144,0,3
146,0,3
179,0,3
180,0,3
184,0,3
185,0,3
188,0,3
195,0,3
198,0,3
203,0,3
205,0,3
216,0,3
220,0,3
222,0,3
225,0,3
228,0,3
236,0,3
238,0,3
241,0,3
249,0,3
251,0,3
258,0,3
271,0,3
278,0,3
283,0,3
290,0,3
296,0,3
302,0,3
303,0,3
306,0,3
311,0,3
313,0,3
320,0,3
322,0,3
347,0,3
348,0,3
351,0,3
352,0,3
356,0,3
359,0,3
361,0,3
369,0,3
370,0,3
373,0,3
380,0,3
387,0,3
402,0,3
403,0,3
405,0,3
416,0,3
419,0,3
421,0,3
432,0,3
439,0,3
442,0,3
455,0,3
468,0,3
471,0,3
478,0,3
481,0,3
501,0,3
515,0,3
525,0,3
531,0,3
540,0,3
542,0,3
552,0,3
555,0,3
557,0,3
559,0,3
566,0,3
567,0,3
568,0,3
579,0,3
588,0,3
590,0,3
595,0,3
597,0,3
598,0,3
599,0,3
602,0,3
614,0,3
615,0,3
618,0,3
620,0,3
628,0,3
636,0,3
638,0,3
640,0,3
641,0,3
644,0,3
665,0,3
680,0,3
683,0,3
684,0,3
686,0,3
694,0,3
711,0,3
713,0,3
718,0,3
719,0,3
725,0,3
732,0,3
4,0,4
10,0,4
16,0,4
20,0,4
22,0,4
33,0,4
36,0,4
41,0,4
44,0,4
46,0,4
57,0,4
60,0,4
62,0,4
70,0,4
71,0,4
75,0,4
89,0,4
99,0,4
104,0,4
105,0,4
111,0,4
114,0,4
117,0,4
135,0,4
136,0,4
162,0,4
164,0,4
165,0,4
169,0,4
170,0,4
171,0,4
175,0,4
178,0,4
186,0,4
191,0,4
192,0,4
193,0,4
207,0,4
214,0,4
223,0,4
227,0,4
245,0,4
254,0,4
257,0,4
261,0,4
263,0,4
264,0,4
266,0,4
276,0,4
288,0,4
291,0,4
292,0,4
295,0,4
297,0,4
298,0,4
314,0,4
323,0,4
325,0,4
327,0,4
332,0,4
337,0,4
341,0,4
349,0,4
350,0,4
355,0,4
363,0,4
381,0,4
383,0,4
389,0,4
390,0,4
391,0,4
398,0,4
410,0,4
413,0,4
417,0,4
429,0,4
435,0,4
437,0,4
446,0,4
448,0,4
449,0,4
451,0,4
453,0,4
454,0,4
460,0,4
470,0,4
479,0,4
484,0,4
499,0,4
502,0,4
506,0,4
512,0,4
513,0,4
522,0,4
523,0,4
532,0,4
538,0,4
553,0,4
560,0,4
562,0,4
570,0,4
572,0,4
574,0,4
607,0,4
609,0,4
611,0,4
613,0,4
631,0,4
642,0,4
646,0,4
650,0,4
655,0,4
662,0,4
664,0,4
669,0,4
671,0,4
679,0,4
687,0,4
688,0,4
708,0,4
716,0,4
722,0,4
724,0,4
726,0,4
734,0,4
739,0,4
740,0,4
5,1,0
8,1,0
10,1,0
12,1,0
17,1,0
25,1,0
30,1,0
36,1,0
46,1,0
56,1,0
63,1,0
66,1,0
72,1,0
81,1,0
82,1,0
91,1,0
93,1,0
99,1,0
101,1,0
102,1,0
106,1,0
114,1,0
117,1,0
118,1,0
122,1,0
128,1,0
141,1,0
142,1,0
143,1,0
145,1,0
149,1,0
150,1,0
159,1,0
177,1,0
179,1,0
180,1,0
184,1,0
187,1,0
195,1,0
211,1,0
216,1,0
221,1,0
226,1,0
232,1,0
235,1,0
243,1,0
248,1,0
250,1,0
251,1,0
257,1,0
263,1,0
278,1,0
285,1,0
287,1,0
299,1,0
314,1,0
320,1,0
330,1,0
333,1,0
334,1,0
336,1,0
339,1,0
341,1,0
347,1,0
350,1,0
359,1,0
362,1,0
369,1,0
373,1,0
406,1,0
419,1,0
420,1,0
422,1,0
423,1,0
425,1,0
427,1,0
431,1,0
432,1,0
436,1,0
440,1,0
443,1,0
446,1,0
455,1,0
459,1,0
460,1,0
467,1,0
469,1,0
470,1,0
479,1,0
482,1,0
483,1,0
486,1,0
495,1,0
496,1,0
500,1,0
503,1,0
525,1,0
526,1,0
531,1,0
535,1,0
549,1,0
553,1,0
563,1,0
565,1,0
566,1,0
569,1,0
573,1,0
592,1,0
598,1,0
614,1,0
640,1,0
642,1,0
644,1,0
646,1,0
654,1,0
661,1,0
663,1,0
669,1,0
685,1,0
706,1,0
710,1,0
711,1,0
716,1,0
718,1,0
728,1,0
734,1,0
735,1,0
6,1,1
7,1,1
9,1,1
13,1,1
14,1,1
16,1,1
21,1,1
22,1,1
29,1,1
32,1,1
33,1,1
34,1,1
41,1,1
49,1,1
50,1,1
51,1,1
70,1,1
71,1,1
79,1,1
85,1,1
86,1,1
89,1,1
94,1,1
95,1,1
108,1,1
109,1,1
115,1,1
127,1,1
129,1,1
139,1,1
140,1,1
147,1,1
156,1,1
158,1,1
160,1,1
161,1,1
166,1,1
175,1,1
188,1,1
193,1,1
194,1,1
198,1,1
200,1,1
205,1,1
209,1,1
210,1,1
212,1,1
222,1,1
225,1,1
230,1,1
234,1,1
237,1,1
242,1,1
244,1,1
247,1,1
264,1,1
267,1,1
280,1,1
292,1,1
297,1,1
304,1,1
312,1,1
315,1,1
317,1,1
323,1,1
324,1,1
342,1,1
343,1,1
355,1,1
365,1,1
379,1,1
384,1,1
387,1,1
398,1,1
408,1,1
410,1,1
411,1,1
412,1,1
414,1,1
416,1,1
417,1,1
421,1,1
424,1,1
429,1,1
433,1,1
437,1,1
447,1,1
464,1,1
476,1,1
477,1,1
478,1,1
494,1,1
497,1,1
499,1,1
501,1,1
515,1,1
518,1,1
528,1,1
533,1,1
538,1,1
557,1,1
562,1,1
572,1,1
581,1,1
586,1,1
587,1,1
594,1,1
595,1,1
600,1,1
609,1,1
613,1,1
615,1,1
616,1,1
619,1,1
651,1,1
660,1,1
678,1,1
679,1,1
681,1,1
682,1,1
684,1,1
687,1,1
692,1,1
703,1,1
704,1,1
712,1,1
729,1,1
1,1,2
3,1,2
4,1,2
20,1,2
28,1,2
31,1,2
43,1,2
44,1,2
60,1,2
64,1,2
67,1,2
75,1,2
96,1,2
98,1,2
110,1,2
113,1,2
120,1,2
121,1,2
123,1,2
124,1,2
130,1,2
137,1,2
144,1,2
146,1,2
151,1,2
154,1,2
163,1,2
168,1,2
170,1,2
171,1,2
176,1,2
182,1,2
191,1,2
192,1,2
197,1,2
199,1,2
201,1,2
202,1,2
204,1,2
213,1,2
217,1,2
223,1,2
227,1,2
233,1,2
236,1,2
239,1,2
240,1,2
241,1,2
245,1,2
258,1,2
259,1,2
266,1,2
270,1,2
271,1,2
276,1,2
279,1,2
294,1,2
313,1,2
325,1,2
326,1,2
327,1,2
328,1,2
344,1,2
346,1,2
349,1,2
358,1,2
360,1,2
363,1,2
372,1,2
377,1,2
391,1,2
405,1,2
409,1,2
413,1,2
434,1,2
442,1,2
444,1,2
449,1,2
450,1,2
452,1,2
471,1,2
473,1,2
474,1,2
487,1,2
493,1,2
498,1,2
508,1,2
512,1,2
514,1,2
516,1,2
519,1,2
536,1,2
551,1,2
579,1,2
584,1,2
589,1,2
597,1,2
599,1,2
607,1,2
608,1,2
610,1,2
611,1,2
618,1,2
620,1,2
624,1,2
625,1,2
627,1,2
628,1,2
634,1,2
638,1,2
650,1,2
655,1,2
656,1,2
665,1,2
674,1,2
680,1,2
683,1,2
690,1,2
694,1,2
699,1,2
701,1,2
708,1,2
719,1,2
725,1,2
727,1,2
731,1,2
732,1,2
2,1,3
11,1,3
24,1,3
39,1,3
40,1,3
42,1,3
45,1,3
48,1,3
52,1,3
54,1,3
62,1,3
65,1,3
68,1,3
69,1,3
76,1,3
77,1,3
78,1,3
83,1,3
84,1,3
92,1,3
103,1,3
119,1,3
126,1,3
131,1,3
132,1,3
136,1,3
152,1,3
153,1,3
155,1,3
157,1,3
173,1,3
186,1,3
203,1,3
207,1,3
208,1,3
215,1,3
219,1,3
220,1,3
229,1,3
238,1,3
246,1,3
249,1,3
252,1,3
260,1,3
261,1,3
282,1,3
286,1,3
291,1,3
298,1,3
300,1,3
307,1,3
308,1,3
310,1,3
316,1,3
318,1,3
319,1,3
321,1,3
322,1,3
329,1,3
331,1,3
338,1,3
353,1,3
354,1,3
370,1,3
371,1,3
380,1,3
381,1,3
383,1,3
386,1,3
393,1,3
397,1,3
399,1,3
401,1,3
403,1,3
404,1,3
407,1,3
426,1,3
430,1,3
441,1,3
448,1,3
453,1,3
454,1,3
472,1,3
484,1,3
489,1,3
506,1,3
507,1,3
517,1,3
521,1,3
523,1,3
527,1,3
539,1,3
540,1,3
550,1,3
555,1,3
568,1,3
577,1,3
580,1,3
588,1,3
604,1,3
612,1,3
636,1,3
641,1,3
652,1,3
658,1,3
659,1,3
664,1,3
667,1,3
668,1,3
671,1,3
673,1,3
675,1,3
676,1,3
677,1,3
686,1,3
689,1,3
696,1,3
702,1,3
713,1,3
714,1,3
720,1,3
721,1,3
722,1,3
723,1,3
726,1,3
738,1,3
739,1,3
15,1,4
18,1,4
26,1,4
27,1,4
37,1,4
38,1,4
47,1,4
53,1,4
55,1,4
57,1,4
58,1,4
59,1,4
61,1,4
73,1,4
74,1,4
80,1,4
87,1,4
97,1,4
100,1,4
104,1,4
105,1,4
107,1,4
111,1,4
112,1,4
116,1,4
125,1,4
133,1,4
134,1,4
135,1,4
138,1,4
148,1,4
162,1,4
164,1,4
165,1,4
167,1,4
169,1,4
172,1,4
178,1,4
183,1,4
185,1,4
190,1,4
214,1,4
224,1,4
228,1,4
253,1,4
254,1,4
255,1,4
281,1,4
283,1,4
288,1,4
290,1,4
295,1,4
296,1,4
302,1,4
303,1,4
306,1,4
309,1,4
311,1,4
332,1,4
337,1,4
340,1,4
345,1,4
348,1,4
351,1,4
352,1,4
356,1,4
361,1,4
366,1,4
367,1,4
389,1,4
390,1,4
396,1,4
402,1,4
415,1,4
418,1,4
428,1,4
435,1,4
438,1,4
439,1,4
445,1,4
451,1,4
458,1,4
463,1,4
468,1,4
475,1,4
481,1,4
490,1,4
492,1,4
502,1,4
504,1,4
509,1,4
513,1,4
522,1,4
524,1,4
532,1,4
534,1,4
537,1,4
542,1,4
545,1,4
552,1,4
556,1,4
559,1,4
560,1,4
567,1,4
570,1,4
574,1,4
590,1,4
601,1,4
602,1,4
606,1,4
622,1,4
631,1,4
639,1,4
645,1,4
662,1,4
672,1,4
688,1,4
691,1,4
695,1,4
709,1,4
724,1,4
730,1,4
733,1,4
736,1,4
737,1,4
740,1,4
741,1,4
1,2,0
4,2,0
6,2,0
8,2,0
10,2,0
12,2,0
16,2,0
25,2,0
33,2,0
38,2,0
44,2,0
60,2,0
62,2,0
70,2,0
73,2,0
74,2,0
80,2,0
81,2,0
84,2,0
91,2,0
98,2,0
99,2,0
104,2,0
108,2,0
114,2,0
118,2,0
133,2,0
134,2,0
136,2,0
139,2,0
141,2,0
144,2,0
147,2,0
152,2,0
158,2,0
162,2,0
165,2,0
171,2,0
182,2,0
185,2,0
188,2,0
191,2,0
202,2,0
203,2,0
213,2,0
222,2,0
244,2,0
248,2,0
250,2,0
253,2,0
255,2,0
257,2,0
261,2,0
263,2,0
276,2,0
288,2,0
297,2,0
324,2,0
326,2,0
327,2,0
339,2,0
341,2,0
345,2,0
355,2,0
362,2,0
363,2,0
373,2,0
379,2,0
387,2,0
393,2,0
396,2,0
402,2,0
404,2,0
405,2,0
408,2,0
409,2,0
412,2,0
414,2,0
417,2,0
418,2,0
424,2,0
425,2,0
426,2,0
438,2,0
444,2,0
459,2,0
470,2,0
483,2,0
498,2,0
503,2,0
504,2,0
509,2,0
515,2,0
517,2,0
525,2,0
533,2,0
539,2,0
542,2,0
549,2,0
557,2,0
566,2,0
567,2,0
574,2,0
590,2,0
601,2,0
602,2,0
609,2,0
611,2,0
615,2,0
618,2,0
639,2,0
640,2,0
645,2,0
651,2,0
652,2,0
660,2,0
662,2,0
663,2,0
680,2,0
681,2,0
682,2,0
684,2,0
689,2,0
716,2,0
721,2,0
723,2,0
737,2,0
7,2,1
11,2,1
13,2,1
14,2,1
20,2,1
29,2,1
34,2,1
46,2,1
67,2,1
82,2,1
83,2,1
85,2,1
93,2,1
103,2,1
116,2,1
122,2,1
123,2,1
124,2,1
127,2,1
128,2,1
131,2,1
132,2,1
149,2,1
153,2,1
157,2,1
159,2,1
176,2,1
177,2,1
184,2,1
190,2,1
198,2,1
199,2,1
207,2,1
208,2,1
212,2,1
216,2,1
221,2,1
224,2,1
229,2,1
235,2,1
240,2,1
245,2,1
247,2,1
249,2,1
258,2,1
260,2,1
278,2,1
279,2,1
285,2,1
287,2,1
291,2,1
292,2,1
295,2,1
300,2,1
307,2,1
315,2,1
317,2,1
318,2,1
321,2,1
343,2,1
349,2,1
351,2,1
358,2,1
365,2,1
383,2,1
386,2,1
413,2,1
420,2,1
427,2,1
433,2,1
443,2,1
447,2,1
453,2,1
454,2,1
460,2,1
463,2,1
464,2,1
469,2,1
471,2,1
474,2,1
475,2,1
477,2,1
492,2,1
494,2,1
496,2,1
499,2,1
502,2,1
516,2,1
521,2,1
522,2,1
528,2,1
534,2,1
540,2,1
545,2,1
556,2,1
562,2,1
565,2,1
587,2,1
599,2,1
606,2,1
607,2,1
612,2,1
619,2,1
620,2,1
622,2,1
627,2,1
638,2,1
655,2,1
656,2,1
667,2,1
672,2,1
675,2,1
676,2,1
679,2,1
687,2,1
690,2,1
691,2,1
708,2,1
712,2,1
713,2,1
724,2,1
726,2,1
728,2,1
733,2,1
735,2,1
736,2,1
739,2,1
15,2,2
21,2,2
24,2,2
27,2,2
28,2,2
30,2,2
31,2,2
37,2,2
47,2,2
48,2,2
50,2,2
58,2,2
59,2,2
61,2,2
64,2,2
71,2,2
76,2,2
87,2,2
94,2,2
95,2,2
97,2,2
101,2,2
105,2,2
110,2,2
111,2,2
113,2,2
120,2,2
129,2,2
138,2,2
142,2,2
150,2,2
151,2,2
156,2,2
163,2,2
167,2,2
168,2,2
173,2,2
179,2,2
187,2,2
201,2,2
205,2,2
214,2,2
220,2,2
223,2,2
237,2,2
238,2,2
241,2,2
252,2,2
259,2,2
264,2,2
270,2,2
271,2,2
280,2,2
281,2,2
283,2,2
286,2,2
290,2,2
296,2,2
298,2,2
299,2,2
303,2,2
306,2,2
309,2,2
310,2,2
312,2,2
322,2,2
323,2,2
330,2,2
333,2,2
338,2,2
340,2,2
342,2,2
354,2,2
361,2,2
367,2,2
389,2,2
390,2,2
397,2,2
401,2,2
406,2,2
411,2,2
419,2,2
421,2,2
422,2,2
429,2,2
434,2,2
442,2,2
446,2,2
451,2,2
458,2,2
467,2,2
481,2,2
493,2,2
500,2,2
518,2,2
524,2,2
526,2,2
552,2,2
553,2,2
555,2,2
579,2,2
586,2,2
588,2,2
595,2,2
598,2,2
600,2,2
610,2,2
614,2,2
631,2,2
636,2,2
641,2,2
644,2,2
646,2,2
654,2,2
661,2,2
683,2,2
685,2,2
692,2,2
694,2,2
699,2,2
701,2,2
702,2,2
703,2,2
706,2,2
710,2,2
732,2,2
738,2,2
2,2,3
9,2,3
26,2,3
32,2,3
39,2,3
40,2,3
42,2,3
45,2,3
52,2,3
53,2,3
55,2,3
56,2,3
57,2,3
63,2,3
69,2,3
75,2,3
77,2,3
78,2,3
79,2,3
92,2,3
96,2,3
100,2,3
106,2,3
109,2,3
119,2,3
121,2,3
130,2,3
137,2,3
143,2,3
146,2,3
148,2,3
160,2,3
164,2,3
166,2,3
172,2,3
180,2,3
183,2,3
194,2,3
195,2,3
210,2,3
215,2,3
225,2,3
226,2,3
230,2,3
232,2,3
246,2,3
251,2,3
267,2,3
282,2,3
302,2,3
308,2,3
311,2,3
314,2,3
316,2,3
325,2,3
329,2,3
336,2,3
337,2,3
344,2,3
352,2,3
353,2,3
356,2,3
359,2,3
372,2,3
377,2,3
380,2,3
384,2,3
398,2,3
415,2,3
416,2,3
428,2,3
435,2,3
436,2,3
439,2,3
440,2,3
450,2,3
455,2,3
468,2,3
472,2,3
476,2,3
478,2,3
479,2,3
482,2,3
487,2,3
490,2,3
495,2,3
497,2,3
501,2,3
508,2,3
514,2,3
531,2,3
537,2,3
559,2,3
563,2,3
570,2,3
577,2,3
581,2,3
584,2,3
589,2,3
592,2,3
594,2,3
597,2,3
604,2,3
608,2,3
624,2,3
634,2,3
642,2,3
650,2,3
659,2,3
668,2,3
669,2,3
671,2,3
674,2,3
677,2,3
686,2,3
688,2,3
695,2,3
704,2,3
711,2,3
719,2,3
722,2,3
725,2,3
727,2,3
729,2,3
730,2,3
734,2,3
740,2,3
3,2,4
5,2,4
17,2,4
18,2,4
22,2,4
36,2,4
41,2,4
43,2,4
49,2,4
51,2,4
54,2,4
65,2,4
66,2,4
68,2,4
72,2,4
86,2,4
89,2,4
102,2,4
107,2,4
112,2,4
115,2,4
117,2,4
125,2,4
126,2,4
135,2,4
140,2,4
145,2,4
154,2,4
155,2,4
161,2,4
169,2,4
170,2,4
175,2,4
178,2,4
186,2,4
192,2,4
193,2,4
197,2,4
200,2,4
204,2,4
209,2,4
211,2,4
217,2,4
219,2,4
227,2,4
228,2,4
233,2,4
234,2,4
236,2,4
239,2,4
242,2,4
243,2,4
254,2,4
266,2,4
294,2,4
304,2,4
313,2,4
319,2,4
320,2,4
328,2,4
331,2,4
332,2,4
334,2,4
346,2,4
347,2,4
348,2,4
350,2,4
360,2,4
366,2,4
369,2,4
370,2,4
371,2,4
381,2,4
391,2,4
399,2,4
403,2,4
407,2,4
410,2,4
423,2,4
430,2,4
431,2,4
432,2,4
437,2,4
441,2,4
445,2,4
448,2,4
449,2,4
452,2,4
473,2,4
484,2,4
486,2,4
489,2,4
506,2,4
507,2,4
512,2,4
513,2,4
519,2,4
523,2,4
527,2,4
532,2,4
535,2,4
536,2,4
538,2,4
550,2,4
551,2,4
560,2,4
568,2,4
569,2,4
572,2,4
573,2,4
580,2,4
613,2,4
616,2,4
625,2,4
628,2,4
658,2,4
664,2,4
665,2,4
673,2,4
678,2,4
696,2,4
709,2,4
714,2,4
718,2,4
720,2,4
731,2,4
741,2,4
3,3,0
5,3,0
8,3,0
25,3,0
30,3,0
36,3,0
37,3,0
39,3,0
44,3,0
48,3,0
58,3,0
59,3,0
60,3,0
77,3,0
78,3,0
81,3,0
106,3,0
114,3,0
115,3,0
116,3,0
125,3,0
126,3,0
127,3,0
130,3,0
144,3,0
145,3,0
146,3,0
149,3,0
154,3,0
161,3,0
162,3,0
166,3,0
167,3,0
169,3,0
186,3,0
188,3,0
190,3,0
203,3,0
204,3,0
205,3,0
209,3,0
210,3,0
216,3,0
220,3,0
221,3,0
225,3,0
235,3,0
247,3,0
253,3,0
267,3,0
283,3,0
285,3,0
292,3,0
299,3,0
304,3,0
308,3,0
320,3,0
321,3,0
323,3,0
329,3,0
332,3,0
349,3,0
352,3,0
353,3,0
356,3,0
362,3,0
370,3,0
373,3,0
377,3,0
389,3,0
390,3,0
391,3,0
397,3,0
405,3,0
408,3,0
416,3,0
418,3,0
422,3,0
425,3,0
429,3,0
430,3,0
432,3,0
435,3,0
441,3,0
443,3,0
458,3,0
460,3,0
471,3,0
484,3,0
498,3,0
501,3,0
507,3,0
514,3,0
519,3,0
536,3,0
539,3,0
560,3,0
566,3,0
570,3,0
572,3,0
589,3,0
601,3,0
602,3,0
616,3,0
619,3,0
624,3,0
625,3,0
628,3,0
639,3,0
640,3,0
650,3,0
651,3,0
655,3,0
673,3,0
682,3,0
686,3,0
689,3,0
690,3,0
692,3,0
713,3,0
714,3,0
716,3,0
723,3,0
725,3,0
730,3,0
733,3,0
740,3,0
6,3,1
7,3,1
10,3,1
14,3,1
31,3,1
41,3,1
42,3,1
52,3,1
55,3,1
57,3,1
61,3,1
62,3,1
63,3,1
65,3,1
66,3,1
73,3,1
84,3,1
87,3,1
91,3,1
92,3,1
93,3,1
97,3,1
110,3,1
133,3,1
136,3,1
137,3,1
138,3,1
141,3,1
147,3,1
151,3,1
153,3,1
157,3,1
160,3,1
180,3,1
197,3,1
198,3,1
215,3,1
217,3,1
223,3,1
233,3,1
237,3,1
243,3,1
248,3,1
251,3,1
255,3,1
259,3,1
261,3,1
264,3,1
276,3,1
296,3,1
297,3,1
306,3,1
310,3,1
313,3,1
314,3,1
317,3,1
319,3,1
326,3,1
328,3,1
330,3,1
334,3,1
337,3,1
341,3,1
350,3,1
355,3,1
372,3,1
379,3,1
381,3,1
383,3,1
398,3,1
403,3,1
411,3,1
412,3,1
420,3,1
446,3,1
450,3,1
453,3,1
467,3,1
475,3,1
476,3,1
482,3,1
483,3,1
486,3,1
502,3,1
504,3,1
512,3,1
522,3,1
525,3,1
532,3,1
535,3,1
538,3,1
542,3,1
555,3,1
557,3,1
559,3,1
563,3,1
569,3,1
580,3,1
586,3,1
587,3,1
598,3,1
599,3,1
600,3,1
604,3,1
606,3,1
611,3,1
618,3,1
638,3,1
654,3,1
656,3,1
659,3,1
660,3,1
662,3,1
663,3,1
672,3,1
674,3,1
681,3,1
691,3,1
701,3,1
710,3,1
711,3,1
720,3,1
721,3,1
732,3,1
734,3,1
735,3,1
738,3,1
1,3,2
2,3,2
4,3,2
16,3,2
21,3,2
22,3,2
24,3,2
27,3,2
34,3,2
38,3,2
40,3,2
45,3,2
47,3,2
49,3,2
50,3,2
56,3,2
64,3,2
69,3,2
86,3,2
95,3,2
96,3,2
100,3,2
107,3,2
120,3,2
121,3,2
123,3,2
129,3,2
131,3,2
135,3,2
143,3,2
150,3,2
155,3,2
156,3,2
163,3,2
165,3,2
170,3,2
184,3,2
191,3,2
193,3,2
195,3,2
202,3,2
207,3,2
208,3,2
214,3,2
227,3,2
230,3,2
234,3,2
241,3,2
270,3,2
271,3,2
278,3,2
280,3,2
282,3,2
290,3,2
291,3,2
294,3,2
295,3,2
298,3,2
300,3,2
311,3,2
312,3,2
315,3,2
316,3,2
333,3,2
343,3,2
344,3,2
347,3,2
359,3,2
366,3,2
371,3,2
399,3,2
402,3,2
406,3,2
409,3,2
410,3,2
414,3,2
415,3,2
426,3,2
431,3,2
433,3,2
438,3,2
440,3,2
444,3,2
447,3,2
464,3,2
469,3,2
477,3,2
479,3,2
481,3,2
490,3,2
492,3,2
495,3,2
513,3,2
518,3,2
527,3,2
540,3,2
545,3,2
550,3,2
551,3,2
552,3,2
553,3,2
556,3,2
562,3,2
567,3,2
590,3,2
609,3,2
645,3,2
658,3,2
664,3,2
668,3,2
669,3,2
671,3,2
675,3,2
676,3,2
677,3,2
679,3,2
683,3,2
684,3,2
695,3,2
703,3,2
708,3,2
709,3,2
719,3,2
726,3,2
736,3,2
739,3,2
741,3,2
11,3,3
13,3,3
15,3,3
26,3,3
28,3,3
29,3,3
54,3,3
67,3,3
71,3,3
72,3,3
74,3,3
75,3,3
79,3,3
80,3,3
82,3,3
83,3,3
85,3,3
89,3,3
94,3,3
98,3,3
99,3,3
101,3,3
103,3,3
108,3,3
112,3,3
119,3,3
122,3,3
134,3,3
140,3,3
152,3,3
159,3,3
164,3,3
182,3,3
183,3,3
192,3,3
199,3,3
201,3,3
213,3,3
219,3,3
226,3,3
228,3,3
238,3,3
239,3,3
244,3,3
245,3,3
250,3,3
252,3,3
257,3,3
258,3,3
263,3,3
266,3,3
279,3,3
288,3,3
302,3,3
307,3,3
309,3,3
318,3,3
324,3,3
336,3,3
338,3,3
339,3,3
345,3,3
351,3,3
358,3,3
363,3,3
365,3,3
367,3,3
380,3,3
384,3,3
386,3,3
387,3,3
404,3,3
417,3,3
419,3,3
421,3,3
434,3,3
439,3,3
442,3,3
445,3,3
448,3,3
454,3,3
455,3,3
459,3,3
472,3,3
478,3,3
487,3,3
489,3,3
493,3,3
499,3,3
500,3,3
503,3,3
508,3,3
517,3,3
521,3,3
524,3,3
526,3,3
534,3,3
537,3,3
549,3,3
565,3,3
568,3,3
573,3,3
574,3,3
577,3,3
581,3,3
584,3,3
588,3,3
595,3,3
597,3,3
610,3,3
614,3,3
615,3,3
622,3,3
636,3,3
641,3,3
642,3,3
646,3,3
652,3,3
665,3,3
680,3,3
687,3,3
699,3,3
704,3,3
706,3,3
722,3,3
729,3,3
737,3,3
9,3,4
12,3,4
17,3,4
18,3,4
20,3,4
32,3,4
33,3,4
43,3,4
46,3,4
51,3,4
53,3,4
68,3,4
70,3,4
76,3,4
102,3,4
104,3,4
105,3,4
109,3,4
111,3,4
113,3,4
117,3,4
118,3,4
124,3,4
128,3,4
132,3,4
139,3,4
142,3,4
148,3,4
158,3,4
168,3,4
171,3,4
172,3,4
173,3,4
175,3,4
176,3,4
177,3,4
178,3,4
179,3,4
185,3,4
187,3,4
194,3,4
200,3,4
211,3,4
212,3,4
222,3,4
224,3,4
229,3,4
232,3,4
236,3,4
240,3,4
242,3,4
246,3,4
249,3,4
254,3,4
260,3,4
281,3,4
286,3,4
287,3,4
303,3,4
322,3,4
325,3,4
327,3,4
331,3,4
340,3,4
342,3,4
346,3,4
348,3,4
354,3,4
360,3,4
361,3,4
369,3,4
393,3,4
396,3,4
401,3,4
407,3,4
413,3,4
423,3,4
424,3,4
427,3,4
428,3,4
436,3,4
437,3,4
449,3,4
451,3,4
452,3,4
463,3,4
468,3,4
470,3,4
473,3,4
474,3,4
494,3,4
496,3,4
497,3,4
506,3,4
509,3,4
515,3,4
516,3,4
523,3,4
528,3,4
531,3,4
533,3,4
579,3,4
592,3,4
594,3,4
607,3,4
608,3,4
612,3,4
613,3,4
620,3,4
627,3,4
631,3,4
634,3,4
644,3,4
661,3,4
667,3,4
678,3,4
685,3,4
688,3,4
694,3,4
696,3,4
702,3,4
712,3,4
718,3,4
724,3,4
727,3,4
728,3,4
731,3,4
3,4,0
10,4,0
11,4,0
13,4,0
24,4,0
25,4,0
26,4,0
29,4,0
30,4,0
31,4,0
34,4,0
36,4,0
37,4,0
44,4,0
46,4,0
47,4,0
51,4,0
52,4,0
60,4,0
67,4,0
70,4,0
83,4,0
94,4,0
106,4,0
111,4,0
116,4,0
121,4,0
124,4,0
128,4,0
148,4,0
151,4,0
159,4,0
169,4,0
182,4,0
185,4,0
190,4,0
191,4,0
192,4,0
198,4,0
200,4,0
205,4,0
226,4,0
227,4,0
230,4,0
233,4,0
234,4,0
236,4,0
239,4,0
240,4,0
246,4,0
248,4,0
252,4,0
255,4,0
278,4,0
297,4,0
304,4,0
311,4,0
316,4,0
319,4,0
320,4,0
326,4,0
332,4,0
339,4,0
341,4,0
346,4,0
348,4,0
353,4,0
370,4,0
381,4,0
389,4,0
393,4,0
399,4,0
409,4,0
410,4,0
416,4,0
420,4,0
435,4,0
438,4,0
439,4,0
440,4,0
450,4,0
452,4,0
455,4,0
459,4,0
483,4,0
492,4,0
494,4,0
496,4,0
499,4,0
504,4,0
506,4,0
515,4,0
526,4,0
534,4,0
537,4,0
550,4,0
553,4,0
556,4,0
565,4,0
567,4,0
570,4,0
580,4,0
586,4,0
608,4,0
609,4,0
618,4,0
619,4,0
627,4,0
642,4,0
645,4,0
650,4,0
656,4,0
662,4,0
665,4,0
673,4,0
675,4,0
679,4,0
689,4,0
691,4,0
695,4,0
699,4,0
701,4,0
716,4,0
727,4,0
732,4,0
739,4,0
740,4,0
1,4,1
21,4,1
28,4,1
38,4,1
41,4,1
43,4,1
45,4,1
54,4,1
57,4,1
59,4,1
61,4,1
65,4,1
66,4,1
72,4,1
81,4,1
87,4,1
91,4,1
93,4,1
95,4,1
102,4,1
107,4,1
110,4,1
118,4,1
127,4,1
129,4,1
131,4,1
133,4,1
139,4,1
140,4,1
143,4,1
145,4,1
147,4,1
156,4,1
158,4,1
171,4,1
172,4,1
177,4,1
179,4,1
183,4,1
187,4,1
188,4,1
194,4,1
195,4,1
203,4,1
204,4,1
214,4,1
215,4,1
217,4,1
219,4,1
220,4,1
237,4,1
247,4,1
259,4,1
295,4,1
299,4,1
310,4,1
313,4,1
317,4,1
327,4,1
329,4,1
336,4,1
340,4,1
342,4,1
343,4,1
345,4,1
349,4,1
351,4,1
367,4,1
377,4,1
379,4,1
387,4,1
390,4,1
391,4,1
397,4,1
408,4,1
413,4,1
423,4,1
425,4,1
432,4,1
437,4,1
443,4,1
451,4,1
454,4,1
464,4,1
468,4,1
469,4,1
476,4,1
490,4,1
493,4,1
501,4,1
503,4,1
507,4,1
528,4,1
533,4,1
542,4,1
545,4,1
557,4,1
559,4,1
572,4,1
573,4,1
584,4,1
592,4,1
594,4,1
610,4,1
611,4,1
620,4,1
634,4,1
651,4,1
654,4,1
655,4,1
658,4,1
667,4,1
669,4,1
671,4,1
680,4,1
684,4,1
685,4,1
688,4,1
690,4,1
692,4,1
711,4,1
713,4,1
718,4,1
721,4,1
724,4,1
728,4,1
733,4,1
6,4,2
7,4,2
16,4,2
39,4,2
42,4,2
48,4,2
49,4,2
50,4,2
56,4,2
58,4,2
64,4,2
71,4,2
76,4,2
78,4,2
82,4,2
92,4,2
96,4,2
100,4,2
101,4,2
103,4,2
105,4,2
108,4,2
109,4,2
112,4,2
115,4,2
125,4,2
136,4,2
160,4,2
162,4,2
165,4,2
167,4,2
170,4,2
173,4,2
201,4,2
209,4,2
212,4,2
216,4,2
222,4,2
224,4,2
228,4,2
238,4,2
241,4,2
243,4,2
245,4,2
250,4,2
251,4,2
257,4,2
261,4,2
266,4,2
279,4,2
280,4,2
281,4,2
282,4,2
290,4,2
294,4,2
302,4,2
303,4,2
306,4,2
315,4,2
328,4,2
330,4,2
334,4,2
337,4,2
338,4,2
350,4,2
352,4,2
358,4,2
365,4,2
380,4,2
398,4,2
403,4,2
404,4,2
406,4,2
411,4,2
417,4,2
419,4,2
422,4,2
427,4,2
428,4,2
434,4,2
444,4,2
446,4,2
448,4,2
460,4,2
470,4,2
471,4,2
473,4,2
475,4,2
477,4,2
484,4,2
489,4,2
517,4,2
527,4,2
536,4,2
538,4,2
555,4,2
560,4,2
566,4,2
568,4,2
581,4,2
590,4,2
595,4,2
597,4,2
599,4,2
600,4,2
601,4,2
613,4,2
614,4,2
622,4,2
624,4,2
625,4,2
641,4,2
646,4,2
659,4,2
664,4,2
676,4,2
677,4,2
696,4,2
702,4,2
706,4,2
708,4,2
712,4,2
720,4,2
723,4,2
734,4,2
738,4,2
741,4,2
8,4,3
12,4,3
14,4,3
15,4,3
17,4,3
18,4,3
22,4,3
27,4,3
33,4,3
53,4,3
55,4,3
62,4,3
68,4,3
75,4,3
77,4,3
79,4,3
84,4,3
97,4,3
98,4,3
104,4,3
114,4,3
119,4,3
120,4,3
122,4,3
126,4,3
132,4,3
134,4,3
135,4,3
137,4,3
146,4,3
153,4,3
157,4,3
163,4,3
166,4,3
168,4,3
176,4,3
178,4,3
180,4,3
184,4,3
197,4,3
207,4,3
211,4,3
213,4,3
229,4,3
235,4,3
242,4,3
244,4,3
249,4,3
253,4,3
254,4,3
258,4,3
267,4,3
286,4,3
287,4,3
296,4,3
307,4,3
314,4,3
325,4,3
331,4,3
347,4,3
355,4,3
356,4,3
361,4,3
362,4,3
363,4,3
366,4,3
371,4,3
372,4,3
386,4,3
396,4,3
401,4,3
402,4,3
412,4,3
414,4,3
418,4,3
426,4,3
429,4,3
430,4,3
433,4,3
442,4,3
458,4,3
463,4,3
478,4,3
482,4,3
495,4,3
497,4,3
498,4,3
500,4,3
502,4,3
509,4,3
518,4,3
522,4,3
523,4,3
524,4,3
535,4,3
549,4,3
569,4,3
574,4,3
577,4,3
579,4,3
587,4,3
602,4,3
615,4,3
616,4,3
628,4,3
631,4,3
636,4,3
638,4,3
639,4,3
640,4,3
644,4,3
652,4,3
668,4,3
672,4,3
681,4,3
682,4,3
687,4,3
694,4,3
703,4,3
704,4,3
709,4,3
710,4,3
714,4,3
719,4,3
722,4,3
735,4,3
737,4,3
2,4,4
4,4,4
5,4,4
9,4,4
20,4,4
32,4,4
40,4,4
63,4,4
69,4,4
73,4,4
74,4,4
80,4,4
85,4,4
86,4,4
89,4,4
99,4,4
113,4,4
117,4,4
123,4,4
130,4,4
138,4,4
141,4,4
142,4,4
144,4,4
149,4,4
150,4,4
152,4,4
154,4,4
155,4,4
161,4,4
164,4,4
175,4,4
186,4,4
193,4,4
199,4,4
202,4,4
208,4,4
210,4,4
221,4,4
223,4,4
225,4,4
232,4,4
260,4,4
263,4,4
264,4,4
270,4,4
271,4,4
276,4,4
283,4,4
285,4,4
288,4,4
291,4,4
292,4,4
298,4,4
300,4,4
308,4,4
309,4,4
312,4,4
318,4,4
321,4,4
322,4,4
323,4,4
324,4,4
333,4,4
344,4,4
354,4,4
359,4,4
360,4,4
369,4,4
373,4,4
383,4,4
384,4,4
405,4,4
407,4,4
415,4,4
421,4,4
424,4,4
431,4,4
436,4,4
441,4,4
445,4,4
447,4,4
449,4,4
453,4,4
467,4,4
472,4,4
474,4,4
479,4,4
481,4,4
486,4,4
487,4,4
508,4,4
512,4,4
513,4,4
514,4,4
516,4,4
519,4,4
521,4,4
525,4,4
531,4,4
532,4,4
539,4,4
540,4,4
551,4,4
552,4,4
562,4,4
563,4,4
588,4,4
589,4,4
598,4,4
604,4,4
606,4,4
607,4,4
612,4,4
660,4,4
661,4,4
663,4,4
674,4,4
678,4,4
683,4,4
686,4,4
725,4,4
726,4,4
729,4,4
730,4,4
731,4,4
736,4,4
