model,repeats,auc_fold_mean,auc_fold_sd,auc,auc_sd,pr_auc,pr_auc_sd,bal_acc,bal_acc_sd,f1_macro,f1_macro_sd,sensitivity,sensitivity_sd,specificity,specificity_sd,brier,brier_sd,cal_slope,cal_slope_sd,accuracy,accuracy_sd,auc_lo,auc_lo_sd,auc_hi,auc_hi_sd,cal_intercept,cal_intercept_sd
late_vit_small_patch14_dinov2,5,0.7123043509127094,0.04218475620271091,0.709937106918239,0.013200222892904486,0.35048759201433527,0.02326616305334208,0.6628212039532795,0.01071429042326055,0.5891064244563466,0.00905734971062817,0.6380952380952382,0.040963453652583914,0.6875471698113207,0.02703451639182202,0.21098997586310025,0.001214870968578234,1.8020399969995295,0.1474566722880543,0.6793700787401574,0.01690989567942821,0.6507720830250703,0.0145840596917004,0.7638643452992027,0.011390096906603022,-1.462318810437793,0.004690788115265733
stack_vit_small_patch14_dinov2,5,0.7105780972686282,0.03651788839486641,0.7085390835579515,0.009418662132013636,0.34478131302436427,0.010839894036866153,0.6597843665768195,0.014395531670362323,0.5867839786693804,0.018666449627727417,0.6342857142857142,0.025731916354488182,0.6852830188679244,0.032445150473512104,0.21896278719342682,0.0014410460903285245,0.9710524073338235,0.09056462451392017,0.6768503937007874,0.0250834060357543,0.6500436061259273,0.010595859044313776,0.7623119258418889,0.00908019452401358,-1.6358681880145798,0.01903420238304882
img_lr_vit_small_patch14_dinov2,5,0.6956347010422129,0.041098814838024675,0.6957520215633423,0.011780203110108994,0.33423461444916847,0.011315759709416699,0.6585175202156334,0.012142542191386307,0.5949907707405758,0.011935739965789574,0.6057142857142856,0.05285499781147277,0.7113207547169811,0.03752298453085162,0.20396026688087857,0.0011774260056446192,1.1169552411289811,0.07808473651486202,0.6938582677165355,0.02363779002974335,0.6342369311137576,0.013662843093810452,0.7528310546522788,0.008301189089759312,-1.489340759479098,0.006565166707644118
late_convnext_tiny,5,0.689966693155196,0.05058136002320636,0.6866091644204853,0.03084540407746737,0.2889742745322867,0.025548281245818674,0.6523180592991914,0.01953789553589231,0.5705383434952156,0.023487419013488355,0.6514285714285715,0.05577733510227168,0.6532075471698112,0.04953324323957856,0.20721352747548302,0.0017993475410304374,1.4810323004772799,0.3040650349373379,0.6529133858267716,0.035171387149968175,0.6292173444925876,0.03290358597603799,0.7410721899699129,0.029325047602240296,-1.400940121107966,0.013280016214743172
gated_vit_small_patch14_dinov2,5,0.6932022112960219,0.04518153396431291,0.6847151841868822,0.0054802203272065345,0.31577660288995213,0.010921725401998528,0.640503144654088,0.010729254510178312,0.5642233136533901,0.012350594859885473,0.6266666666666667,0.04685094809999559,0.6543396226415095,0.035484742683752776,0.1784373802000957,0.005991143542165503,1.2073160643193468,0.0727142719276891,0.649763779527559,0.022891593392555604,0.6290621608631003,0.007368180995501836,0.7413118949938928,0.004589140865138494,-1.1578526145858032,0.06966868820952027
stack_convnext_tiny,5,0.6876299697481145,0.05181694940423815,0.6835220125786163,0.02216761873892904,0.27949733735800375,0.018793724272849588,0.6459478885893979,0.021935141678995435,0.5586931996946092,0.018135071697859984,0.660952380952381,0.06374552583116766,0.630943396226415,0.04096121688518109,0.22790701184348894,0.0017453401220868252,0.9331089889671924,0.14725344307667254,0.6359055118110236,0.027444079623026387,0.6266908919131653,0.022259202430894763,0.7402716596685556,0.022717010122563695,-1.626737723957962,0.03574902383286467
early_vit_small_patch14_dinov2,5,0.6824586958330566,0.050378002516375586,0.6804456424079066,0.013279214643316014,0.32289908434902037,0.021677790442984863,0.6352650494159927,0.014638039240207333,0.5681981263162078,0.01761113095288497,0.5961904761904762,0.04742818894471901,0.6743396226415094,0.042202616930191617,0.20705754650754266,0.004799088085474933,0.657525594335395,0.06090370149977738,0.6614173228346457,0.029398668822983417,0.6209884218852858,0.012543874614464885,0.7368281477892044,0.012178836498281076,-1.5122008480871145,0.01808982961822124
gated_convnext_tiny,5,0.6872350616526246,0.051521968917912955,0.6781491464510332,0.010387143727875229,0.2842217298005137,0.014256579117127546,0.6243665768194069,0.01502769617170068,0.5508039891451484,0.01158856732892089,0.6057142857142856,0.06374552583116767,0.6430188679245282,0.04128153562234896,0.1635813715959362,0.005716437922467472,0.8434379995566875,0.12485897215210011,0.6368503937007873,0.025038874852726687,0.6225782105248612,0.013267238695685255,0.732143749380859,0.010633057872823325,-1.0811101080825012,0.0866134221340668
img_lr_convnext_tiny,5,0.6721409388237108,0.05085808707835468,0.6685570530098832,0.029861964806040076,0.26814461807434187,0.017778027150679256,0.6272686433063792,0.02438484256024386,0.5498120844795766,0.024321407547732668,0.6209523809523809,0.034601718332542754,0.6335849056603773,0.03649858451246177,0.19943745213937566,0.0017865405613450226,0.8369895659416082,0.2713925938485044,0.6314960629921259,0.030658145407766554,0.6125091088137615,0.03327183373052142,0.7238760745131543,0.025241270714506214,-1.416761072627023,0.020446342211305576
early_convnext_tiny,5,0.6601653067440406,0.044417338234245526,0.6526504941599282,0.01774765635426747,0.2609970850648383,0.0211408515932777,0.6067475292003592,0.019703926029841112,0.5342430408858239,0.015030912684264607,0.5904761904761905,0.056343616981901115,0.6230188679245282,0.03590859009057067,0.21278497315520148,0.006859712371021793,0.44564018230790314,0.10622030517792305,0.6176377952755906,0.024151545842747455,0.5959252105278214,0.018421357509623388,0.7090717942520591,0.01785889588353191,-1.4793469427572326,0.029878580983202292
phone,5,0.6549288511993503,0.0073206217538927,0.6498023360287511,0.0,0.23864456930151814,3.1031676915590914e-17,0.6494609164420485,0.0,0.5544726663836611,0.0,0.6857142857142857,0.0,0.6132075471698113,0.0,0.13104314827289934,0.0,0.9922931156780244,8.15843973306311e-16,0.6251968503937008,0.0,0.5922029576172938,0.001280381825628502,0.7037449116581207,0.002487277795076145,-0.011374727463276028,1.1835560115633201e-15
sym_lgbm,5,0.6406571552235456,0.051886985343850354,0.6388840970350405,0.0245806252214632,0.24784685171194365,0.0073621793504616544,0.6104222821203954,0.02992463437250437,0.5034484920305254,0.040366090804497295,0.6895238095238095,0.022936370626271047,0.5313207547169811,0.06731381637821834,0.20262077929321526,0.00793165959661676,0.4033312553343745,0.09017559457364634,0.5574803149606299,0.05447316710685978,0.5793271680723349,0.02454994175193657,0.6973463096088212,0.020201794976311613,-1.439732205272309,0.039106846931509925
sym_mlp,5,0.6420326786010087,0.04707521945294663,0.631329739442947,0.010256764199698346,0.25873128911944243,0.011376667830628472,0.5949505840071877,0.01580534987476986,0.4981419080278468,0.013239854897468276,0.6495238095238095,0.08502367284063102,0.540377358490566,0.05575782962291252,0.1636232435621546,0.01580384817800744,0.15172445140662053,0.06663951388257514,0.5584251968503937,0.032780880848023254,0.5734733738135682,0.013433372607580365,0.6884155824720569,0.008491217349575406,-1.1384594279155709,0.06208589953332336
sym_lr,5,0.6071255693697944,0.05220327742206944,0.6039083557951482,0.009562082989164717,0.23961751526508263,0.01730887880019552,0.5924438454627134,0.030114742144084307,0.5274008455690835,0.017603072974095017,0.5580952380952382,0.06754523133903674,0.6267924528301887,0.022140687413895785,0.23502997050280078,0.0018070310517048355,0.594850602617955,0.12553504204764107,0.6154330708661416,0.01641878616564205,0.5437983678229742,0.009811506237981368,0.6626324841259321,0.00942547474805462,-1.575424030377032,0.0044033623501359255
centor,5,0.45756565605675115,0.06457283657362414,0.4575381850853549,0.0,0.15287282254382326,0.0,0.49619946091644207,0.002054636123293467,0.1765222381874462,0.004113938317270402,0.9542857142857143,0.004259177099999634,0.038113207547169806,0.00430254877395901,0.19654418197725282,3.3993498887762956e-17,-0.0006422576088097766,4.001679182581426e-17,0.18960629921259844,0.0032655813154846757,0.3999238384324029,0.004149415034913866,0.5159284745019744,0.0021532649332511116,-1.619894950778526,2.220446049250313e-16
