patient_id,repeat,fold,y,y_soft,agreement,p,thr,epochs
5,0,0,0,0.2,0.6,0.56976557,0.8117735934257508,1
7,0,0,1,0.6,0.1999999999999999,0.13685682,0.8117735934257508,1
28,0,0,0,0.2,0.6,0.25740537,0.8117735934257508,1
29,0,0,0,0.2,0.6,0.99246454,0.8117735934257508,1
32,0,0,0,0.2,0.6,0.83836293,0.8117735934257508,1
40,0,0,0,0.2,0.6,0.00052109873,0.8117735934257508,1
49,0,0,0,0.3333333333333333,0.3333333333333333,7.7639874e-05,0.8117735934257508,1
50,0,0,1,0.8,0.6000000000000001,0.5392404,0.8117735934257508,1
51,0,0,0,0.25,0.5,0.00081007363,0.8117735934257508,1
55,0,0,0,0.0,1.0,0.0003413979,0.8117735934257508,1
59,0,0,0,0.25,0.5,0.25569004,0.8117735934257508,1
63,0,0,0,0.0,1.0,0.03611994,0.8117735934257508,1
64,0,0,0,0.3333333333333333,0.3333333333333333,0.00018470609,0.8117735934257508,1
67,0,0,0,0.0,1.0,0.0005674106,0.8117735934257508,1
73,0,0,0,0.0,1.0,0.07825903,0.8117735934257508,1
77,0,0,0,0.25,0.5,0.051163018,0.8117735934257508,1
82,0,0,0,0.25,0.5,0.89157873,0.8117735934257508,1
83,0,0,0,0.25,0.5,0.7844907,0.8117735934257508,1
88,0,0,1,0.5,0.0,0.73196304,0.8117735934257508,1
98,0,0,0,0.3333333333333333,0.3333333333333333,0.10915226,0.8117735934257508,1
107,0,0,0,0.1111111111111111,0.7777777777777778,0.072768316,0.8117735934257508,1
109,0,0,0,0.1111111111111111,0.7777777777777778,0.9461067,0.8117735934257508,1
110,0,0,0,0.0,1.0,0.36172143,0.8117735934257508,1
112,0,0,0,0.125,0.75,0.0012554812,0.8117735934257508,1
113,0,0,0,0.1111111111111111,0.7777777777777778,0.17792596,0.8117735934257508,1
116,0,0,0,0.0,1.0,0.30050623,0.8117735934257508,1
122,0,0,0,0.0,1.0,0.027989179,0.8117735934257508,1
127,0,0,1,0.6666666666666666,0.3333333333333332,0.029767402,0.8117735934257508,1
134,0,0,0,0.1111111111111111,0.7777777777777778,0.07881738,0.8117735934257508,1
139,0,0,0,0.0,1.0,0.00035470654,0.8117735934257508,1
151,0,0,0,0.0,1.0,0.017238488,0.8117735934257508,1
153,0,0,0,0.0,1.0,0.51975876,0.8117735934257508,1
160,0,0,0,0.1666666666666666,0.6666666666666667,0.9987848,0.8117735934257508,1
161,0,0,0,0.0,1.0,0.45056656,0.8117735934257508,1
174,0,0,1,0.5,0.0,0.62341464,0.8117735934257508,1
177,0,0,0,0.0,1.0,0.0022728278,0.8117735934257508,1
183,0,0,0,0.0,1.0,0.4932262,0.8117735934257508,1
199,0,0,0,0.25,0.5,0.7358557,0.8117735934257508,1
202,0,0,1,0.6,0.1999999999999999,0.99850357,0.8117735934257508,1
206,0,0,1,0.5,0.0,0.0006011446,0.8117735934257508,1
210,0,0,0,0.4,0.1999999999999999,0.58512545,0.8117735934257508,1
230,0,0,0,0.2,0.6,0.4656758,0.8117735934257508,1
231,0,0,1,0.5,0.0,0.029589323,0.8117735934257508,1
232,0,0,0,0.25,0.5,0.13353853,0.8117735934257508,1
233,0,0,0,0.0,1.0,0.9647951,0.8117735934257508,1
240,0,0,0,0.2,0.6,0.43453136,0.8117735934257508,1
241,0,0,1,0.6,0.1999999999999999,0.982019,0.8117735934257508,1
248,0,0,0,0.4,0.1999999999999999,0.0007970275,0.8117735934257508,1
253,0,0,0,0.0,1.0,0.12245081,0.8117735934257508,1
259,0,0,0,0.0,1.0,0.29108402,0.8117735934257508,1
274,0,0,1,0.5,0.0,0.9987469,0.8117735934257508,1
275,0,0,1,0.5,0.0,0.71024674,0.8117735934257508,1
282,0,0,0,0.25,0.5,0.002197326,0.8117735934257508,1
284,0,0,1,0.5,0.0,0.99078137,0.8117735934257508,1
285,0,0,0,0.4,0.1999999999999999,0.0005495376,0.8117735934257508,1
287,0,0,0,0.25,0.5,0.036741946,0.8117735934257508,1
294,0,0,0,0.0,1.0,0.5168223,0.8117735934257508,1
300,0,0,0,0.0,1.0,0.92374516,0.8117735934257508,1
307,0,0,0,0.4,0.1999999999999999,0.40028393,0.8117735934257508,1
309,0,0,1,0.8,0.6000000000000001,0.0002645744,0.8117735934257508,1
310,0,0,0,0.2,0.6,0.19183432,0.8117735934257508,1
315,0,0,1,0.8,0.6000000000000001,0.58209574,0.8117735934257508,1
316,0,0,0,0.4,0.1999999999999999,0.2693791,0.8117735934257508,1
319,0,0,0,0.2,0.6,0.9401889,0.8117735934257508,1
322,0,0,1,0.6,0.1999999999999999,0.87702966,0.8117735934257508,1
329,0,0,0,0.0,1.0,0.8445717,0.8117735934257508,1
330,0,0,0,0.4,0.1999999999999999,0.68717694,0.8117735934257508,1
338,0,0,0,0.4,0.1999999999999999,0.0014634796,0.8117735934257508,1
339,0,0,0,0.0,1.0,0.020645544,0.8117735934257508,1
342,0,0,0,0.2,0.6,0.40680838,0.8117735934257508,1
345,0,0,0,0.0,1.0,0.005732095,0.8117735934257508,1
371,0,0,0,0.25,0.5,0.004861961,0.8117735934257508,1
372,0,0,0,0.25,0.5,0.19503094,0.8117735934257508,1
374,0,0,1,0.5,0.0,0.3785056,0.8117735934257508,1
376,0,0,1,0.5,0.0,0.004088084,0.8117735934257508,1
384,0,0,0,0.25,0.5,0.34571582,0.8117735934257508,1
394,0,0,1,0.5,0.0,0.03088365,0.8117735934257508,1
407,0,0,0,0.2,0.6,0.99612474,0.8117735934257508,1
413,0,0,0,0.0,1.0,0.73931813,0.8117735934257508,1
421,0,0,0,0.2,0.6,0.99939215,0.8117735934257508,1
436,0,0,0,0.4,0.1999999999999999,0.9999375,0.8117735934257508,1
438,0,0,0,0.1666666666666666,0.6666666666666667,0.44002604,0.8117735934257508,1
456,0,0,1,0.5,0.0,0.201915,0.8117735934257508,1
457,0,0,1,0.5,0.0,0.55595773,0.8117735934257508,1
459,0,0,0,0.25,0.5,0.9287956,0.8117735934257508,1
463,0,0,0,0.25,0.5,0.27397716,0.8117735934257508,1
465,0,0,1,0.5,0.0,0.99968505,0.8117735934257508,1
468,0,0,0,0.25,0.5,0.97897255,0.8117735934257508,1
480,0,0,1,0.5,0.0,0.99997157,0.8117735934257508,1
487,0,0,0,0.2,0.6,0.98201025,0.8117735934257508,1
490,0,0,0,0.25,0.5,0.9819865,0.8117735934257508,1
491,0,0,1,0.5,0.0,0.92894137,0.8117735934257508,1
492,0,0,0,0.3333333333333333,0.3333333333333333,0.08517163,0.8117735934257508,1
495,0,0,0,0.0,1.0,0.22816953,0.8117735934257508,1
497,0,0,0,0.0,1.0,0.39319196,0.8117735934257508,1
499,0,0,0,0.0,1.0,0.03171713,0.8117735934257508,1
510,0,0,1,0.5,0.0,0.9999826,0.8117735934257508,1
513,0,0,0,0.0,1.0,0.2597949,0.8117735934257508,1
514,0,0,1,0.75,0.5,0.7450854,0.8117735934257508,1
518,0,0,0,0.25,0.5,0.9773667,0.8117735934257508,1
521,0,0,1,0.75,0.5,0.43557537,0.8117735934257508,1
528,0,0,0,0.0,1.0,0.9166627,0.8117735934257508,1
534,0,0,1,0.75,0.5,0.46736473,0.8117735934257508,1
539,0,0,0,0.25,0.5,0.88903177,0.8117735934257508,1
540,0,0,0,0.25,0.5,0.7483671,0.8117735934257508,1
542,0,0,0,0.25,0.5,0.14497504,0.8117735934257508,1
549,0,0,0,0.0,1.0,0.99517846,0.8117735934257508,1
554,0,0,1,0.5,0.0,0.9964767,0.8117735934257508,1
557,0,0,0,0.3333333333333333,0.3333333333333333,0.66717684,0.8117735934257508,1
565,0,0,0,0.3333333333333333,0.3333333333333333,0.9997716,0.8117735934257508,1
566,0,0,0,0.1666666666666666,0.6666666666666667,0.77559865,0.8117735934257508,1
572,0,0,1,0.8333333333333334,0.6666666666666667,0.18685083,0.8117735934257508,1
573,0,0,0,0.3333333333333333,0.3333333333333333,0.99461544,0.8117735934257508,1
574,0,0,0,0.3333333333333333,0.3333333333333333,0.9906665,0.8117735934257508,1
577,0,0,0,0.1666666666666666,0.6666666666666667,0.89126325,0.8117735934257508,1
583,0,0,1,0.5,0.0,0.08026029,0.8117735934257508,1
586,0,0,1,0.6666666666666666,0.3333333333333332,0.7121438,0.8117735934257508,1
587,0,0,1,0.8333333333333334,0.6666666666666667,0.009606721,0.8117735934257508,1
588,0,0,0,0.1666666666666666,0.6666666666666667,0.77975786,0.8117735934257508,1
590,0,0,0,0.3333333333333333,0.3333333333333333,0.13987777,0.8117735934257508,1
601,0,0,0,0.0,1.0,0.474441,0.8117735934257508,1
603,0,0,1,0.5,0.0,0.55343705,0.8117735934257508,1
608,0,0,0,0.0,1.0,0.9998335,0.8117735934257508,1
618,0,0,0,0.0,1.0,0.9510101,0.8117735934257508,1
628,0,0,0,0.0,1.0,0.8652402,0.8117735934257508,1
633,0,0,1,0.5,0.0,0.930066,0.8117735934257508,1
645,0,0,1,0.75,0.5,0.9990816,0.8117735934257508,1
648,0,0,1,0.5,0.0,0.017879134,0.8117735934257508,1
649,0,0,1,0.5,0.0,0.28792226,0.8117735934257508,1
650,0,0,0,0.0,1.0,0.2771334,0.8117735934257508,1
653,0,0,1,0.5,0.0,0.15063237,0.8117735934257508,1
657,0,0,1,0.5,0.0,0.0010624574,0.8117735934257508,1
664,0,0,1,0.6666666666666666,0.3333333333333332,0.88322747,0.8117735934257508,1
670,0,0,1,0.5,0.0,0.2190809,0.8117735934257508,1
674,0,0,0,0.3333333333333333,0.3333333333333333,0.9853989,0.8117735934257508,1
689,0,0,0,0.0,1.0,0.028914426,0.8117735934257508,1
690,0,0,0,0.0,1.0,0.33783308,0.8117735934257508,1
694,0,0,0,0.3333333333333333,0.3333333333333333,0.9943553,0.8117735934257508,1
695,0,0,0,0.3333333333333333,0.3333333333333333,0.9988724,0.8117735934257508,1
699,0,0,0,0.1666666666666666,0.6666666666666667,0.32863316,0.8117735934257508,1
703,0,0,0,0.0,1.0,0.97229403,0.8117735934257508,1
712,0,0,0,0.1666666666666666,0.6666666666666667,0.97796285,0.8117735934257508,1
714,0,0,0,0.3333333333333333,0.3333333333333333,0.73646516,0.8117735934257508,1
715,0,0,1,0.5,0.0,0.051537327,0.8117735934257508,1
720,0,0,0,0.0,1.0,0.99733937,0.8117735934257508,1
735,0,0,0,0.0,1.0,0.001640839,0.8117735934257508,1
739,0,0,0,0.3333333333333333,0.3333333333333333,0.0057852096,0.8117735934257508,1
2,0,1,0,0.4,0.1999999999999999,0.003292023,0.2205294543504715,7
4,0,1,1,0.6,0.1999999999999999,5.3637646e-05,0.2205294543504715,7
6,0,1,0,0.2,0.6,0.00077261834,0.2205294543504715,7
14,0,1,0,0.2,0.6,2.311339e-06,0.2205294543504715,7
16,0,1,1,0.6,0.1999999999999999,1.6468076e-07,0.2205294543504715,7
26,0,1,1,0.8,0.6000000000000001,4.6658573e-05,0.2205294543504715,7
30,0,1,0,0.2,0.6,0.00039440376,0.2205294543504715,7
34,0,1,0,0.1666666666666666,0.6666666666666667,0.00048636165,0.2205294543504715,7
38,0,1,0,0.0,1.0,0.0002957789,0.2205294543504715,7
39,0,1,0,0.0,1.0,9.12506e-06,0.2205294543504715,7
56,0,1,0,0.25,0.5,0.0005665146,0.2205294543504715,7
61,0,1,0,0.2,0.6,0.0017167008,0.2205294543504715,7
65,0,1,0,0.25,0.5,2.7916045e-05,0.2205294543504715,7
66,0,1,0,0.0,1.0,0.01665129,0.2205294543504715,7
68,0,1,0,0.0,1.0,0.00047599772,0.2205294543504715,7
69,0,1,0,0.0,1.0,1.4691648e-06,0.2205294543504715,7
74,0,1,0,0.0,1.0,0.0021018586,0.2205294543504715,7
78,0,1,0,0.0,1.0,2.7033688e-05,0.2205294543504715,7
85,0,1,0,0.25,0.5,0.6286637,0.2205294543504715,7
87,0,1,0,0.0,1.0,0.005485948,0.2205294543504715,7
93,0,1,0,0.0,1.0,0.36857373,0.2205294543504715,7
94,0,1,0,0.25,0.5,0.00042326289,0.2205294543504715,7
95,0,1,0,0.25,0.5,4.7718616e-09,0.2205294543504715,7
96,0,1,0,0.0,1.0,0.061655857,0.2205294543504715,7
120,0,1,0,0.0,1.0,0.0013265694,0.2205294543504715,7
124,0,1,0,0.0,1.0,0.0002709471,0.2205294543504715,7
131,0,1,0,0.0,1.0,0.00024626323,0.2205294543504715,7
141,0,1,0,0.0,1.0,0.0007052141,0.2205294543504715,7
142,0,1,0,0.0,1.0,0.8856138,0.2205294543504715,7
143,0,1,1,0.5555555555555556,0.1111111111111111,6.873637e-05,0.2205294543504715,7
146,0,1,1,0.8888888888888888,0.7777777777777777,0.00065327657,0.2205294543504715,7
148,0,1,0,0.1111111111111111,0.7777777777777778,2.1395795e-06,0.2205294543504715,7
149,0,1,0,0.3333333333333333,0.3333333333333333,0.00012289852,0.2205294543504715,7
150,0,1,0,0.0,1.0,0.038715556,0.2205294543504715,7
152,0,1,0,0.0,1.0,0.0010289163,0.2205294543504715,7
155,0,1,0,0.25,0.5,0.0015927635,0.2205294543504715,7
156,0,1,0,0.25,0.5,0.00095627515,0.2205294543504715,7
159,0,1,0,0.0,1.0,0.025783012,0.2205294543504715,7
163,0,1,0,0.25,0.5,0.0041740187,0.2205294543504715,7
166,0,1,0,0.25,0.5,0.0136855785,0.2205294543504715,7
168,0,1,0,0.25,0.5,0.001425632,0.2205294543504715,7
182,0,1,0,0.0,1.0,0.00015922656,0.2205294543504715,7
187,0,1,0,0.0,1.0,0.00027418963,0.2205294543504715,7
189,0,1,1,0.5,0.0,0.92575717,0.2205294543504715,7
190,0,1,0,0.25,0.5,3.918264e-05,0.2205294543504715,7
196,0,1,1,0.5,0.0,0.04309937,0.2205294543504715,7
200,0,1,0,0.2,0.6,4.1076246e-06,0.2205294543504715,7
204,0,1,0,0.4,0.1999999999999999,0.12536575,0.2205294543504715,7
208,0,1,0,0.0,1.0,0.0006669343,0.2205294543504715,7
209,0,1,0,0.2,0.6,0.0023906594,0.2205294543504715,7
211,0,1,1,0.6,0.1999999999999999,0.05718437,0.2205294543504715,7
212,0,1,0,0.2,0.6,0.003834172,0.2205294543504715,7
215,0,1,0,0.2,0.6,0.018898623,0.2205294543504715,7
221,0,1,1,0.8,0.6000000000000001,0.25203913,0.2205294543504715,7
224,0,1,0,0.4,0.1999999999999999,0.0011288804,0.2205294543504715,7
226,0,1,0,0.0,1.0,0.0028711155,0.2205294543504715,7
243,0,1,0,0.0,1.0,0.021207519,0.2205294543504715,7
247,0,1,0,0.2,0.6,0.14856757,0.2205294543504715,7
249,0,1,1,0.6,0.1999999999999999,0.07257427,0.2205294543504715,7
250,0,1,0,0.4,0.1999999999999999,3.8536215e-05,0.2205294543504715,7
267,0,1,0,0.0,1.0,0.00023693396,0.2205294543504715,7
279,0,1,0,0.2,0.6,0.004053289,0.2205294543504715,7
281,0,1,0,0.0,1.0,0.00038694087,0.2205294543504715,7
288,0,1,1,0.75,0.5,0.0009949119,0.2205294543504715,7
291,0,1,0,0.0,1.0,0.965317,0.2205294543504715,7
308,0,1,0,0.4,0.1999999999999999,0.35459024,0.2205294543504715,7
317,0,1,0,0.4,0.1999999999999999,0.005765294,0.2205294543504715,7
326,0,1,0,0.0,1.0,2.2917116e-05,0.2205294543504715,7
328,0,1,1,0.6,0.1999999999999999,0.007188284,0.2205294543504715,7
331,0,1,0,0.0,1.0,0.06432986,0.2205294543504715,7
332,0,1,0,0.0,1.0,0.7211356,0.2205294543504715,7
333,0,1,0,0.0,1.0,0.0122954715,0.2205294543504715,7
335,0,1,1,0.5,0.0,0.0066859983,0.2205294543504715,7
336,0,1,0,0.4,0.1999999999999999,0.76474524,0.2205294543504715,7
346,0,1,1,0.6,0.1999999999999999,0.9999894,0.2205294543504715,7
355,0,1,0,0.25,0.5,0.4415629,0.2205294543504715,7
359,0,1,0,0.25,0.5,0.97341216,0.2205294543504715,7
360,0,1,0,0.25,0.5,0.6861614,0.2205294543504715,7
381,0,1,1,0.75,0.5,0.34825277,0.2205294543504715,7
388,0,1,1,0.5,0.0,0.3389415,0.2205294543504715,7
397,0,1,1,0.75,0.5,0.5422301,0.2205294543504715,7
398,0,1,0,0.25,0.5,0.8060273,0.2205294543504715,7
405,0,1,0,0.0,1.0,0.6616654,0.2205294543504715,7
411,0,1,0,0.2,0.6,0.999719,0.2205294543504715,7
414,0,1,1,0.6,0.1999999999999999,0.398937,0.2205294543504715,7
416,0,1,0,0.0,1.0,0.05810701,0.2205294543504715,7
425,0,1,0,0.0,1.0,0.66351956,0.2205294543504715,7
435,0,1,0,0.4,0.1999999999999999,0.9994692,0.2205294543504715,7
437,0,1,1,0.6,0.1999999999999999,0.4581921,0.2205294543504715,7
441,0,1,0,0.2,0.6,0.8599881,0.2205294543504715,7
442,0,1,1,0.8,0.6000000000000001,0.63562804,0.2205294543504715,7
449,0,1,0,0.4,0.1999999999999999,0.9184019,0.2205294543504715,7
452,0,1,0,0.25,0.5,0.04202813,0.2205294543504715,7
469,0,1,1,0.75,0.5,0.00032889488,0.2205294543504715,7
481,0,1,0,0.0,1.0,0.053653184,0.2205294543504715,7
482,0,1,0,0.0,1.0,0.0034963393,0.2205294543504715,7
485,0,1,1,0.5,0.0,0.035554864,0.2205294543504715,7
486,0,1,0,0.25,0.5,0.4348964,0.2205294543504715,7
496,0,1,1,0.75,0.5,0.0016340625,0.2205294543504715,7
498,0,1,0,0.0,1.0,0.10131221,0.2205294543504715,7
503,0,1,0,0.0,1.0,0.12264935,0.2205294543504715,7
509,0,1,0,0.25,0.5,0.021984406,0.2205294543504715,7
512,0,1,1,1.0,1.0,0.49429408,0.2205294543504715,7
519,0,1,0,0.0,1.0,0.040266577,0.2205294543504715,7
523,0,1,0,0.25,0.5,0.28920215,0.2205294543504715,7
524,0,1,0,0.0,1.0,0.99956274,0.2205294543504715,7
527,0,1,0,0.25,0.5,0.56617314,0.2205294543504715,7
529,0,1,1,0.5,0.0,0.024083871,0.2205294543504715,7
530,0,1,1,0.5,0.0,0.01426971,0.2205294543504715,7
533,0,1,0,0.0,1.0,0.22017339,0.2205294543504715,7
535,0,1,0,0.25,0.5,0.8272774,0.2205294543504715,7
548,0,1,1,0.5,0.0,0.5833152,0.2205294543504715,7
561,0,1,1,0.5,0.0,0.57054913,0.2205294543504715,7
567,0,1,0,0.3333333333333333,0.3333333333333333,0.22080255,0.2205294543504715,7
575,0,1,1,0.5,0.0,0.25027317,0.2205294543504715,7
579,0,1,0,0.3333333333333333,0.3333333333333333,0.02522917,0.2205294543504715,7
589,0,1,0,0.3333333333333333,0.3333333333333333,0.99990946,0.2205294543504715,7
595,0,1,1,0.8333333333333334,0.6666666666666667,0.76925045,0.2205294543504715,7
604,0,1,1,0.75,0.5,0.00050348684,0.2205294543504715,7
605,0,1,1,0.5,0.0,0.1230547,0.2205294543504715,7
609,0,1,0,0.25,0.5,0.50298595,0.2205294543504715,7
612,0,1,0,0.0,1.0,0.0011637859,0.2205294543504715,7
615,0,1,1,0.75,0.5,0.3764473,0.2205294543504715,7
622,0,1,1,0.75,0.5,0.59918034,0.2205294543504715,7
623,0,1,1,0.5,0.0,0.05399644,0.2205294543504715,7
624,0,1,0,0.25,0.5,0.50152653,0.2205294543504715,7
629,0,1,1,0.5,0.0,0.0013753099,0.2205294543504715,7
630,0,1,1,0.5,0.0,0.011958631,0.2205294543504715,7
632,0,1,1,0.5,0.0,0.07839753,0.2205294543504715,7
634,0,1,0,0.25,0.5,0.18886338,0.2205294543504715,7
636,0,1,0,0.0,1.0,0.0015134711,0.2205294543504715,7
638,0,1,0,0.25,0.5,0.03789436,0.2205294543504715,7
642,0,1,1,0.75,0.5,0.035342593,0.2205294543504715,7
658,0,1,0,0.1666666666666666,0.6666666666666667,0.99478185,0.2205294543504715,7
660,0,1,0,0.1666666666666666,0.6666666666666667,0.27544114,0.2205294543504715,7
667,0,1,0,0.3333333333333333,0.3333333333333333,0.001307072,0.2205294543504715,7
676,0,1,0,0.1666666666666666,0.6666666666666667,0.08098114,0.2205294543504715,7
681,0,1,0,0.1666666666666666,0.6666666666666667,0.13060476,0.2205294543504715,7
683,0,1,1,0.8333333333333334,0.6666666666666667,0.00018097887,0.2205294543504715,7
693,0,1,1,0.5,0.0,0.98904586,0.2205294543504715,7
707,0,1,1,0.5,0.0,0.8208175,0.2205294543504715,7
730,0,1,0,0.3333333333333333,0.3333333333333333,0.7807977,0.2205294543504715,7
731,0,1,0,0.0,1.0,0.0020180587,0.2205294543504715,7
733,0,1,0,0.1666666666666666,0.6666666666666667,2.2351756e-05,0.2205294543504715,7
737,0,1,0,0.1666666666666666,0.6666666666666667,0.5085516,0.2205294543504715,7
738,0,1,0,0.3333333333333333,0.3333333333333333,0.020885577,0.2205294543504715,7
741,0,1,0,0.2,0.6,0.0028760275,0.2205294543504715,7
15,0,2,0,0.4,0.1999999999999999,0.9754273,0.497080078125,1
18,0,2,1,0.6,0.1999999999999999,0.99783564,0.497080078125,1
21,0,2,0,0.2,0.6,0.11583262,0.497080078125,1
24,0,2,0,0.0,1.0,0.4216631,0.497080078125,1
25,0,2,0,0.2,0.6,0.082507394,0.497080078125,1
27,0,2,0,0.2,0.6,0.05180086,0.497080078125,1
31,0,2,0,0.1666666666666666,0.6666666666666667,0.0019913295,0.497080078125,1
45,0,2,0,0.0,1.0,0.9998137,0.497080078125,1
47,0,2,0,0.25,0.5,0.0016540529,0.497080078125,1
52,0,2,0,0.25,0.5,0.99850845,0.497080078125,1
53,0,2,0,0.1666666666666666,0.6666666666666667,0.17934781,0.497080078125,1
58,0,2,0,0.25,0.5,0.20133537,0.497080078125,1
72,0,2,0,0.25,0.5,0.012335978,0.497080078125,1
80,0,2,0,0.0,1.0,0.9754242,0.497080078125,1
81,0,2,0,0.0,1.0,0.16594854,0.497080078125,1
84,0,2,0,0.3333333333333333,0.3333333333333333,0.98561645,0.497080078125,1
91,0,2,0,0.25,0.5,0.99632096,0.497080078125,1
92,0,2,0,0.0,1.0,0.6456238,0.497080078125,1
101,0,2,0,0.3333333333333333,0.3333333333333333,0.4493968,0.497080078125,1
102,0,2,0,0.0,1.0,0.00072906085,0.497080078125,1
118,0,2,0,0.0,1.0,0.03641521,0.497080078125,1
121,0,2,0,0.1111111111111111,0.7777777777777778,0.0078960275,0.497080078125,1
125,0,2,0,0.125,0.75,0.00016112233,0.497080078125,1
126,0,2,0,0.2222222222222222,0.5555555555555556,0.8663993,0.497080078125,1
128,0,2,0,0.1111111111111111,0.7777777777777778,0.010966601,0.497080078125,1
130,0,2,0,0.1111111111111111,0.7777777777777778,0.53225535,0.497080078125,1
140,0,2,0,0.2222222222222222,0.5555555555555556,0.0006325332,0.497080078125,1
145,0,2,0,0.4444444444444444,0.1111111111111111,0.09413772,0.497080078125,1
154,0,2,0,0.25,0.5,0.17735085,0.497080078125,1
157,0,2,0,0.25,0.5,0.0004423999,0.497080078125,1
167,0,2,0,0.0,1.0,0.4223131,0.497080078125,1
172,0,2,0,0.0,1.0,0.017775485,0.497080078125,1
173,0,2,0,0.25,0.5,0.0007308078,0.497080078125,1
176,0,2,0,0.0,1.0,0.0074064815,0.497080078125,1
194,0,2,0,0.0,1.0,0.8516809,0.497080078125,1
197,0,2,0,0.0,1.0,0.020500995,0.497080078125,1
201,0,2,0,0.25,0.5,0.00067653664,0.497080078125,1
217,0,2,0,0.0,1.0,0.2062517,0.497080078125,1
219,0,2,0,0.0,1.0,0.4642452,0.497080078125,1
229,0,2,0,0.0,1.0,0.00060544745,0.497080078125,1
234,0,2,0,0.25,0.5,0.0006107214,0.497080078125,1
235,0,2,0,0.0,1.0,0.37579232,0.497080078125,1
237,0,2,0,0.4,0.1999999999999999,0.18746394,0.497080078125,1
239,0,2,1,0.6,0.1999999999999999,0.42485645,0.497080078125,1
244,0,2,1,0.6,0.1999999999999999,0.19465327,0.497080078125,1
246,0,2,0,0.4,0.1999999999999999,0.050053496,0.497080078125,1
252,0,2,0,0.0,1.0,0.04430709,0.497080078125,1
255,0,2,0,0.25,0.5,0.018073173,0.497080078125,1
265,0,2,1,0.5,0.0,0.82233536,0.497080078125,1
266,0,2,0,0.25,0.5,0.0020016602,0.497080078125,1
268,0,2,1,0.5,0.0,0.36148685,0.497080078125,1
270,0,2,0,0.0,1.0,0.9509939,0.497080078125,1
273,0,2,1,0.5,0.0,0.1735141,0.497080078125,1
277,0,2,1,0.5,0.0,0.0004521961,0.497080078125,1
280,0,2,0,0.25,0.5,8.351173e-05,0.497080078125,1
286,0,2,0,0.2,0.6,0.32316935,0.497080078125,1
289,0,2,1,0.5,0.0,8.866517e-05,0.497080078125,1
304,0,2,1,0.8,0.6000000000000001,0.6592498,0.497080078125,1
312,0,2,0,0.0,1.0,0.38966665,0.497080078125,1
318,0,2,0,0.4,0.1999999999999999,0.7875078,0.497080078125,1
321,0,2,1,0.6,0.1999999999999999,0.98622847,0.497080078125,1
323,0,2,0,0.0,1.0,0.089690074,0.497080078125,1
324,0,2,0,0.2,0.6,0.8862153,0.497080078125,1
334,0,2,0,0.4,0.1999999999999999,0.55833524,0.497080078125,1
340,0,2,1,0.6,0.1999999999999999,0.17015702,0.497080078125,1
344,0,2,0,0.2,0.6,0.16501407,0.497080078125,1
348,0,2,0,0.4,0.1999999999999999,0.0008004027,0.497080078125,1
352,0,2,0,0.25,0.5,0.641207,0.497080078125,1
353,0,2,0,0.0,1.0,0.99555486,0.497080078125,1
354,0,2,0,0.25,0.5,0.9456898,0.497080078125,1
357,0,2,1,0.5,0.0,0.99992645,0.497080078125,1
358,0,2,0,0.25,0.5,0.0021729802,0.497080078125,1
362,0,2,1,0.75,0.5,0.4572168,0.497080078125,1
364,0,2,1,0.5,0.0,0.041870747,0.497080078125,1
399,0,2,0,0.25,0.5,0.37695438,0.497080078125,1
404,0,2,1,0.6,0.1999999999999999,0.99345446,0.497080078125,1
408,0,2,0,0.4,0.1999999999999999,0.95638645,0.497080078125,1
409,0,2,0,0.4,0.1999999999999999,0.97383404,0.497080078125,1
412,0,2,1,1.0,1.0,0.84629565,0.497080078125,1
417,0,2,0,0.2,0.6,0.39829242,0.497080078125,1
420,0,2,0,0.0,1.0,0.3014853,0.497080078125,1
426,0,2,1,0.8,0.6000000000000001,0.30953467,0.497080078125,1
431,0,2,0,0.4,0.1999999999999999,0.9999421,0.497080078125,1
443,0,2,0,0.0,1.0,0.050049976,0.497080078125,1
446,0,2,0,0.2,0.6,0.6677312,0.497080078125,1
448,0,2,0,0.0,1.0,0.9970617,0.497080078125,1
451,0,2,0,0.25,0.5,0.54205894,0.497080078125,1
453,0,2,0,0.25,0.5,0.99411964,0.497080078125,1
458,0,2,0,0.0,1.0,0.6337938,0.497080078125,1
460,0,2,0,0.0,1.0,0.75931525,0.497080078125,1
461,0,2,1,0.5,0.0,0.99961853,0.497080078125,1
471,0,2,0,0.0,1.0,0.59983397,0.497080078125,1
477,0,2,0,0.0,1.0,0.0015480474,0.497080078125,1
479,0,2,0,0.0,1.0,0.9031851,0.497080078125,1
488,0,2,1,0.5,0.0,0.9896271,0.497080078125,1
489,0,2,0,0.0,1.0,0.98666275,0.497080078125,1
504,0,2,1,0.75,0.5,0.26654363,0.497080078125,1
505,0,2,1,0.5,0.0,0.99999523,0.497080078125,1
506,0,2,1,0.75,0.5,0.0049413308,0.497080078125,1
508,0,2,1,0.75,0.5,0.99947095,0.497080078125,1
511,0,2,1,0.5,0.0,0.17041184,0.497080078125,1
517,0,2,0,0.25,0.5,0.9970161,0.497080078125,1
520,0,2,1,0.5,0.0,0.9998425,0.497080078125,1
526,0,2,0,0.0,1.0,0.81706953,0.497080078125,1
541,0,2,1,0.5,0.0,0.60750365,0.497080078125,1
544,0,2,1,0.5,0.0,0.8199799,0.497080078125,1
545,0,2,0,0.25,0.5,0.47613102,0.497080078125,1
550,0,2,0,0.0,1.0,0.06851256,0.497080078125,1
552,0,2,1,0.6666666666666666,0.3333333333333332,0.99644065,0.497080078125,1
555,0,2,0,0.3333333333333333,0.3333333333333333,0.97219014,0.497080078125,1
556,0,2,0,0.1666666666666666,0.6666666666666667,0.99993956,0.497080078125,1
559,0,2,1,0.6666666666666666,0.3333333333333332,0.7232498,0.497080078125,1
563,0,2,0,0.0,1.0,0.98727363,0.497080078125,1
564,0,2,1,0.5,0.0,0.99748266,0.497080078125,1
571,0,2,1,0.5,0.0,0.0049563567,0.497080078125,1
582,0,2,1,0.5,0.0,0.99808407,0.497080078125,1
602,0,2,0,0.25,0.5,0.99970514,0.497080078125,1
606,0,2,0,0.25,0.5,2.1889782e-05,0.497080078125,1
607,0,2,0,0.0,1.0,0.2498872,0.497080078125,1
614,0,2,1,0.75,0.5,0.41387784,0.497080078125,1
617,0,2,1,0.5,0.0,0.67375815,0.497080078125,1
620,0,2,1,0.75,0.5,0.8560301,0.497080078125,1
626,0,2,1,0.5,0.0,0.1075067,0.497080078125,1
641,0,2,0,0.0,1.0,0.8279625,0.497080078125,1
652,0,2,0,0.0,1.0,0.46879596,0.497080078125,1
661,0,2,1,0.8333333333333334,0.6666666666666667,0.9999804,0.497080078125,1
669,0,2,0,0.3333333333333333,0.3333333333333333,0.9941034,0.497080078125,1
671,0,2,0,0.3333333333333333,0.3333333333333333,0.99057126,0.497080078125,1
673,0,2,0,0.3333333333333333,0.3333333333333333,0.43567145,0.497080078125,1
675,0,2,0,0.3333333333333333,0.3333333333333333,0.021251723,0.497080078125,1
682,0,2,0,0.1666666666666666,0.6666666666666667,0.90861636,0.497080078125,1
685,0,2,0,0.0,1.0,0.6067228,0.497080078125,1
686,0,2,0,0.0,1.0,0.0010115989,0.497080078125,1
691,0,2,0,0.1666666666666666,0.6666666666666667,0.92944646,0.497080078125,1
692,0,2,0,0.0,1.0,0.976082,0.497080078125,1
698,0,2,1,0.5,0.0,0.72265804,0.497080078125,1
704,0,2,0,0.3333333333333333,0.3333333333333333,0.036202308,0.497080078125,1
705,0,2,1,0.5,0.0,0.19305636,0.497080078125,1
709,0,2,0,0.3333333333333333,0.3333333333333333,0.7487155,0.497080078125,1
710,0,2,0,0.0,1.0,1.2566817e-05,0.497080078125,1
717,0,2,1,0.5,0.0,0.3737678,0.497080078125,1
721,0,2,0,0.3333333333333333,0.3333333333333333,0.0013239696,0.497080078125,1
723,0,2,0,0.1666666666666666,0.6666666666666667,0.31921282,0.497080078125,1
727,0,2,0,0.4,0.1999999999999999,0.7953898,0.497080078125,1
728,0,2,0,0.2,0.6,0.0044267345,0.497080078125,1
729,0,2,0,0.4,0.1999999999999999,0.50263333,0.497080078125,1
736,0,2,0,0.0,1.0,0.46793813,0.497080078125,1
1,0,3,0,0.3333333333333333,0.3333333333333333,0.04515602,0.8730027747154236,2
3,0,3,0,0.0,1.0,0.98969173,0.8730027747154236,2
9,0,3,0,0.0,1.0,0.9073614,0.8730027747154236,2
12,0,3,0,0.4,0.1999999999999999,0.1318303,0.8730027747154236,2
13,0,3,0,0.2,0.6,0.99650574,0.8730027747154236,2
17,0,3,0,0.4,0.1999999999999999,0.003885855,0.8730027747154236,2
35,0,3,1,0.5,0.0,0.1421452,0.8730027747154236,2
37,0,3,0,0.2,0.6,0.0016392489,0.8730027747154236,2
42,0,3,0,0.0,1.0,0.010590442,0.8730027747154236,2
43,0,3,0,0.2,0.6,0.0022488313,0.8730027747154236,2
48,0,3,1,0.6,0.1999999999999999,0.0007720722,0.8730027747154236,2
54,0,3,0,0.25,0.5,0.48557615,0.8730027747154236,2
76,0,3,0,0.25,0.5,0.9154437,0.8730027747154236,2
79,0,3,0,0.25,0.5,0.34111303,0.8730027747154236,2
86,0,3,0,0.0,1.0,0.697525,0.8730027747154236,2
90,0,3,1,0.5,0.0,0.0019431022,0.8730027747154236,2
97,0,3,0,0.25,0.5,0.13846657,0.8730027747154236,2
100,0,3,0,0.25,0.5,0.015843237,0.8730027747154236,2
103,0,3,0,0.1111111111111111,0.7777777777777778,0.07818862,0.8730027747154236,2
108,0,3,0,0.25,0.5,0.35651872,0.8730027747154236,2
115,0,3,0,0.0,1.0,0.008056068,0.8730027747154236,2
119,0,3,0,0.1111111111111111,0.7777777777777778,0.14361383,0.8730027747154236,2
123,0,3,0,0.0,1.0,0.13691403,0.8730027747154236,2
129,0,3,0,0.2,0.6,0.4599801,0.8730027747154236,2
132,0,3,0,0.2222222222222222,0.5555555555555556,0.578895,0.8730027747154236,2
133,0,3,1,0.8888888888888888,0.7777777777777777,0.7249669,0.8730027747154236,2
138,0,3,1,0.5555555555555556,0.1111111111111111,0.7671002,0.8730027747154236,2
144,0,3,0,0.0,1.0,0.086328775,0.8730027747154236,2
158,0,3,0,0.0,1.0,0.0046159993,0.8730027747154236,2
179,0,3,0,0.25,0.5,0.040412027,0.8730027747154236,2
180,0,3,0,0.0,1.0,0.5070034,0.8730027747154236,2
184,0,3,0,0.0,1.0,0.0003218032,0.8730027747154236,2
185,0,3,0,0.25,0.5,0.00069433864,0.8730027747154236,2
188,0,3,0,0.0,1.0,0.0068035917,0.8730027747154236,2
195,0,3,0,0.0,1.0,0.011724604,0.8730027747154236,2
198,0,3,0,0.0,1.0,0.094636455,0.8730027747154236,2
203,0,3,0,0.2,0.6,9.989759e-05,0.8730027747154236,2
205,0,3,0,0.2,0.6,0.87322676,0.8730027747154236,2
213,0,3,0,0.4,0.1999999999999999,0.9887712,0.8730027747154236,2
216,0,3,0,0.0,1.0,0.042894877,0.8730027747154236,2
220,0,3,0,0.4,0.1999999999999999,0.0010921317,0.8730027747154236,2
222,0,3,0,0.2,0.6,0.21798733,0.8730027747154236,2
225,0,3,0,0.2,0.6,0.3490311,0.8730027747154236,2
228,0,3,0,0.2,0.6,0.33943176,0.8730027747154236,2
236,0,3,0,0.0,1.0,0.001496045,0.8730027747154236,2
238,0,3,0,0.25,0.5,0.006027269,0.8730027747154236,2
242,0,3,1,0.6,0.1999999999999999,0.043752983,0.8730027747154236,2
251,0,3,0,0.25,0.5,0.0019073256,0.8730027747154236,2
257,0,3,0,0.25,0.5,0.3511397,0.8730027747154236,2
258,0,3,0,0.0,1.0,0.00030874036,0.8730027747154236,2
269,0,3,1,0.5,0.0,0.024832878,0.8730027747154236,2
272,0,3,1,0.5,0.0,0.96953094,0.8730027747154236,2
278,0,3,0,0.25,0.5,0.00014664017,0.8730027747154236,2
283,0,3,0,0.25,0.5,0.9817312,0.8730027747154236,2
290,0,3,0,0.0,1.0,0.27369848,0.8730027747154236,2
293,0,3,1,0.5,0.0,0.99534357,0.8730027747154236,2
296,0,3,0,0.0,1.0,0.11224211,0.8730027747154236,2
297,0,3,0,0.0,1.0,0.99955285,0.8730027747154236,2
302,0,3,0,0.0,1.0,0.59550786,0.8730027747154236,2
303,0,3,0,0.0,1.0,0.000120688484,0.8730027747154236,2
306,0,3,0,0.0,1.0,0.0090363305,0.8730027747154236,2
311,0,3,0,0.4,0.1999999999999999,6.4611886e-06,0.8730027747154236,2
313,0,3,0,0.0,1.0,0.44364738,0.8730027747154236,2
320,0,3,0,0.0,1.0,0.001030046,0.8730027747154236,2
343,0,3,1,0.8,0.6000000000000001,0.9996525,0.8730027747154236,2
351,0,3,0,0.0,1.0,0.0118805915,0.8730027747154236,2
356,0,3,0,0.25,0.5,0.6136511,0.8730027747154236,2
361,0,3,0,0.0,1.0,0.7916777,0.8730027747154236,2
366,0,3,0,0.0,1.0,0.9912058,0.8730027747154236,2
367,0,3,0,0.25,0.5,0.9855807,0.8730027747154236,2
369,0,3,0,0.0,1.0,0.0020651084,0.8730027747154236,2
370,0,3,0,0.0,1.0,8.429786e-06,0.8730027747154236,2
373,0,3,0,0.0,1.0,0.0024553656,0.8730027747154236,2
378,0,3,1,0.5,0.0,0.08696558,0.8730027747154236,2
380,0,3,1,0.75,0.5,0.013366207,0.8730027747154236,2
385,0,3,1,0.5,0.0,0.9314591,0.8730027747154236,2
387,0,3,0,0.0,1.0,0.0043180715,0.8730027747154236,2
389,0,3,0,0.25,0.5,0.68745726,0.8730027747154236,2
392,0,3,1,0.5,0.0,0.13815166,0.8730027747154236,2
396,0,3,1,0.75,0.5,0.4588436,0.8730027747154236,2
400,0,3,1,0.5,0.0,0.42628306,0.8730027747154236,2
402,0,3,1,0.6,0.1999999999999999,0.5706984,0.8730027747154236,2
403,0,3,0,0.0,1.0,4.052606e-05,0.8730027747154236,2
406,0,3,1,0.6,0.1999999999999999,0.0035006125,0.8730027747154236,2
410,0,3,1,0.6,0.1999999999999999,0.19202752,0.8730027747154236,2
415,0,3,0,0.0,1.0,0.9873832,0.8730027747154236,2
422,0,3,1,0.6,0.1999999999999999,0.0063019767,0.8730027747154236,2
423,0,3,0,0.0,1.0,0.04648463,0.8730027747154236,2
428,0,3,1,0.6,0.1999999999999999,0.03656842,0.8730027747154236,2
429,0,3,0,0.0,1.0,0.05364544,0.8730027747154236,2
433,0,3,0,0.0,1.0,0.03315971,0.8730027747154236,2
440,0,3,0,0.0,1.0,0.09803363,0.8730027747154236,2
444,0,3,0,0.2,0.6,0.997884,0.8730027747154236,2
445,0,3,0,0.0,1.0,0.41925216,0.8730027747154236,2
447,0,3,0,0.0,1.0,0.0016347626,0.8730027747154236,2
455,0,3,0,0.0,1.0,1.7534974e-05,0.8730027747154236,2
470,0,3,0,0.0,1.0,0.9940919,0.8730027747154236,2
472,0,3,0,0.25,0.5,0.4330897,0.8730027747154236,2
473,0,3,0,0.25,0.5,0.35542122,0.8730027747154236,2
474,0,3,0,0.0,1.0,0.10128404,0.8730027747154236,2
475,0,3,0,0.25,0.5,0.03190487,0.8730027747154236,2
478,0,3,0,0.0,1.0,0.39600548,0.8730027747154236,2
484,0,3,0,0.25,0.5,0.2008585,0.8730027747154236,2
493,0,3,0,0.0,1.0,0.9531332,0.8730027747154236,2
500,0,3,0,0.25,0.5,0.0016784873,0.8730027747154236,2
501,0,3,0,0.25,0.5,0.98908365,0.8730027747154236,2
502,0,3,1,0.75,0.5,0.93804526,0.8730027747154236,2
516,0,3,0,0.0,1.0,0.05786366,0.8730027747154236,2
525,0,3,0,0.2,0.6,0.1289119,0.8730027747154236,2
531,0,3,1,0.75,0.5,0.9975828,0.8730027747154236,2
536,0,3,0,0.3333333333333333,0.3333333333333333,0.22375333,0.8730027747154236,2
538,0,3,0,0.0,1.0,0.16159678,0.8730027747154236,2
543,0,3,1,0.5,0.0,0.28971955,0.8730027747154236,2
547,0,3,1,0.5,0.0,0.872059,0.8730027747154236,2
560,0,3,0,0.1666666666666666,0.6666666666666667,0.9653467,0.8730027747154236,2
576,0,3,1,0.5,0.0,0.5536575,0.8730027747154236,2
581,0,3,0,0.3333333333333333,0.3333333333333333,0.3056459,0.8730027747154236,2
591,0,3,1,0.5,0.0,0.14018534,0.8730027747154236,2
592,0,3,1,0.6,0.1999999999999999,0.97259855,0.8730027747154236,2
597,0,3,0,0.0,1.0,4.4974335e-05,0.8730027747154236,2
598,0,3,0,0.3333333333333333,0.3333333333333333,0.85469794,0.8730027747154236,2
600,0,3,0,0.1666666666666666,0.6666666666666667,0.0005737454,0.8730027747154236,2
611,0,3,1,0.75,0.5,0.29943937,0.8730027747154236,2
627,0,3,1,0.75,0.5,0.24913879,0.8730027747154236,2
631,0,3,0,0.0,1.0,0.000996629,0.8730027747154236,2
637,0,3,1,0.5,0.0,0.015049528,0.8730027747154236,2
639,0,3,0,0.0,1.0,0.07180785,0.8730027747154236,2
640,0,3,1,0.75,0.5,0.037592266,0.8730027747154236,2
643,0,3,1,0.5,0.0,0.0306659,0.8730027747154236,2
647,0,3,1,0.5,0.0,0.9850524,0.8730027747154236,2
651,0,3,0,0.3333333333333333,0.3333333333333333,0.28606474,0.8730027747154236,2
654,0,3,0,0.1666666666666666,0.6666666666666667,0.15635954,0.8730027747154236,2
659,0,3,1,0.6666666666666666,0.3333333333333332,0.14304833,0.8730027747154236,2
665,0,3,0,0.1666666666666666,0.6666666666666667,0.99628943,0.8730027747154236,2
672,0,3,0,0.0,1.0,0.11339423,0.8730027747154236,2
677,0,3,1,0.6666666666666666,0.3333333333333332,0.006828392,0.8730027747154236,2
680,0,3,0,0.0,1.0,0.0006948698,0.8730027747154236,2
687,0,3,0,0.3333333333333333,0.3333333333333333,0.0058988985,0.8730027747154236,2
696,0,3,0,0.1666666666666666,0.6666666666666667,0.8256357,0.8730027747154236,2
697,0,3,1,0.5,0.0,0.00033217043,0.8730027747154236,2
711,0,3,1,0.6,0.1999999999999999,0.18660477,0.8730027747154236,2
713,0,3,1,0.6,0.1999999999999999,0.31270185,0.8730027747154236,2
718,0,3,0,0.1666666666666666,0.6666666666666667,0.6589179,0.8730027747154236,2
719,0,3,0,0.1666666666666666,0.6666666666666667,0.8765608,0.8730027747154236,2
725,0,3,0,0.0,1.0,0.06949649,0.8730027747154236,2
732,0,3,0,0.0,1.0,0.47508812,0.8730027747154236,2
742,0,3,1,0.5,0.0,0.092057765,0.8730027747154236,2
8,0,4,0,0.0,1.0,0.00014542454,0.15608615040779114,10
10,0,4,0,0.0,1.0,0.8287784,0.15608615040779114,10
11,0,4,1,0.6,0.1999999999999999,0.0008458095,0.15608615040779114,10
20,0,4,0,0.25,0.5,1.6891525e-05,0.15608615040779114,10
22,0,4,0,0.2,0.6,0.0061012274,0.15608615040779114,10
33,0,4,0,0.4,0.1999999999999999,0.0059175747,0.15608615040779114,10
36,0,4,0,0.2,0.6,0.30670407,0.15608615040779114,10
41,0,4,0,0.2,0.6,0.00012655488,0.15608615040779114,10
44,0,4,0,0.0,1.0,0.0021874937,0.15608615040779114,10
46,0,4,0,0.4,0.1999999999999999,0.9988531,0.15608615040779114,10
57,0,4,1,1.0,1.0,0.20652568,0.15608615040779114,10
60,0,4,0,0.0,1.0,0.7725753,0.15608615040779114,10
62,0,4,0,0.25,0.5,0.00040853405,0.15608615040779114,10
70,0,4,0,0.0,1.0,0.06108382,0.15608615040779114,10
71,0,4,0,0.0,1.0,0.011441022,0.15608615040779114,10
75,0,4,0,0.0,1.0,0.01009686,0.15608615040779114,10
89,0,4,0,0.25,0.5,0.005337275,0.15608615040779114,10
99,0,4,0,0.0,1.0,0.00036163212,0.15608615040779114,10
104,0,4,0,0.1111111111111111,0.7777777777777778,0.7565541,0.15608615040779114,10
105,0,4,0,0.0,1.0,0.99940443,0.15608615040779114,10
106,0,4,1,1.0,1.0,0.10756362,0.15608615040779114,10
111,0,4,0,0.1111111111111111,0.7777777777777778,0.044065055,0.15608615040779114,10
114,0,4,0,0.1111111111111111,0.7777777777777778,0.034404356,0.15608615040779114,10
117,0,4,0,0.25,0.5,0.00011509242,0.15608615040779114,10
135,0,4,0,0.1666666666666666,0.6666666666666667,0.75385463,0.15608615040779114,10
136,0,4,0,0.3333333333333333,0.3333333333333333,0.10941339,0.15608615040779114,10
137,0,4,1,0.6666666666666666,0.3333333333333332,0.020528203,0.15608615040779114,10
147,0,4,0,0.0,1.0,0.068455234,0.15608615040779114,10
162,0,4,0,0.2,0.6,0.06292671,0.15608615040779114,10
164,0,4,0,0.0,1.0,0.122980475,0.15608615040779114,10
165,0,4,0,0.0,1.0,0.0049768165,0.15608615040779114,10
169,0,4,0,0.0,1.0,0.7751541,0.15608615040779114,10
170,0,4,0,0.1666666666666666,0.6666666666666667,0.9722749,0.15608615040779114,10
171,0,4,0,0.25,0.5,0.0012661229,0.15608615040779114,10
175,0,4,0,0.0,1.0,6.7978654e-06,0.15608615040779114,10
178,0,4,0,0.0,1.0,0.015063729,0.15608615040779114,10
181,0,4,1,0.5,0.0,0.32002282,0.15608615040779114,10
186,0,4,0,0.0,1.0,0.1608094,0.15608615040779114,10
191,0,4,0,0.0,1.0,0.0314823,0.15608615040779114,10
192,0,4,0,0.0,1.0,0.024156338,0.15608615040779114,10
193,0,4,0,0.25,0.5,0.13319927,0.15608615040779114,10
207,0,4,0,0.2,0.6,0.016384475,0.15608615040779114,10
214,0,4,0,0.2,0.6,9.722781e-05,0.15608615040779114,10
223,0,4,0,0.2,0.6,0.4240686,0.15608615040779114,10
227,0,4,1,1.0,1.0,0.01909884,0.15608615040779114,10
245,0,4,0,0.0,1.0,0.0013688608,0.15608615040779114,10
254,0,4,0,0.25,0.5,0.19803865,0.15608615040779114,10
260,0,4,0,0.25,0.5,0.35022667,0.15608615040779114,10
261,0,4,0,0.25,0.5,0.074706,0.15608615040779114,10
262,0,4,1,0.5,0.0,0.49566838,0.15608615040779114,10
263,0,4,0,0.2,0.6,0.011692853,0.15608615040779114,10
264,0,4,0,0.25,0.5,0.022789171,0.15608615040779114,10
271,0,4,0,0.0,1.0,0.0011811033,0.15608615040779114,10
276,0,4,0,0.2,0.6,0.00043489924,0.15608615040779114,10
292,0,4,0,0.25,0.5,0.0006202094,0.15608615040779114,10
295,0,4,0,0.0,1.0,0.0012089291,0.15608615040779114,10
298,0,4,0,0.25,0.5,0.055702873,0.15608615040779114,10
299,0,4,1,0.8,0.6000000000000001,0.00080635096,0.15608615040779114,10
314,0,4,0,0.0,1.0,0.13927403,0.15608615040779114,10
325,0,4,0,0.0,1.0,0.15700337,0.15608615040779114,10
327,0,4,0,0.0,1.0,0.13741277,0.15608615040779114,10
337,0,4,0,0.0,1.0,0.162722,0.15608615040779114,10
341,0,4,1,0.6,0.1999999999999999,0.12549466,0.15608615040779114,10
347,0,4,0,0.4,0.1999999999999999,0.03560562,0.15608615040779114,10
349,0,4,0,0.0,1.0,0.3562487,0.15608615040779114,10
350,0,4,0,0.0,1.0,0.99886227,0.15608615040779114,10
363,0,4,0,0.0,1.0,0.4724633,0.15608615040779114,10
365,0,4,0,0.25,0.5,0.958408,0.15608615040779114,10
368,0,4,1,0.5,0.0,0.24603505,0.15608615040779114,10
375,0,4,1,0.5,0.0,0.9573058,0.15608615040779114,10
377,0,4,0,0.25,0.5,0.87604314,0.15608615040779114,10
379,0,4,1,0.75,0.5,0.13648228,0.15608615040779114,10
382,0,4,1,0.5,0.0,0.8929639,0.15608615040779114,10
383,0,4,0,0.0,1.0,9.001271e-09,0.15608615040779114,10
386,0,4,0,0.25,0.5,0.4368373,0.15608615040779114,10
390,0,4,1,0.75,0.5,0.064760886,0.15608615040779114,10
391,0,4,0,0.0,1.0,0.9136609,0.15608615040779114,10
393,0,4,0,0.25,0.5,0.2903138,0.15608615040779114,10
395,0,4,1,0.5,0.0,0.9999096,0.15608615040779114,10
401,0,4,0,0.2,0.6,0.9873294,0.15608615040779114,10
418,0,4,0,0.0,1.0,0.91936105,0.15608615040779114,10
419,0,4,0,0.4,0.1999999999999999,0.18476367,0.15608615040779114,10
424,0,4,1,0.6,0.1999999999999999,0.001242525,0.15608615040779114,10
427,0,4,1,0.6,0.1999999999999999,0.8177544,0.15608615040779114,10
430,0,4,1,0.6,0.1999999999999999,0.99068534,0.15608615040779114,10
432,0,4,0,0.2,0.6,0.25969633,0.15608615040779114,10
434,0,4,0,0.0,1.0,0.96306753,0.15608615040779114,10
439,0,4,0,0.2,0.6,0.00067481014,0.15608615040779114,10
450,0,4,0,0.2,0.6,0.48015532,0.15608615040779114,10
454,0,4,0,0.0,1.0,0.024817936,0.15608615040779114,10
462,0,4,1,0.5,0.0,0.7227913,0.15608615040779114,10
464,0,4,0,0.0,1.0,0.03257134,0.15608615040779114,10
466,0,4,1,0.5,0.0,0.6240233,0.15608615040779114,10
467,0,4,1,1.0,1.0,0.9880843,0.15608615040779114,10
476,0,4,0,0.0,1.0,0.999653,0.15608615040779114,10
483,0,4,0,0.25,0.5,0.9993863,0.15608615040779114,10
494,0,4,1,0.8,0.6000000000000001,0.7378348,0.15608615040779114,10
507,0,4,1,1.0,1.0,0.99999046,0.15608615040779114,10
515,0,4,0,0.25,0.5,0.317652,0.15608615040779114,10
522,0,4,0,0.25,0.5,0.033076014,0.15608615040779114,10
532,0,4,0,0.0,1.0,0.13319409,0.15608615040779114,10
537,0,4,0,0.25,0.5,0.3462719,0.15608615040779114,10
546,0,4,1,0.5,0.0,0.41130522,0.15608615040779114,10
551,0,4,1,0.6666666666666666,0.3333333333333332,0.09836292,0.15608615040779114,10
553,0,4,0,0.0,1.0,0.0013227706,0.15608615040779114,10
558,0,4,1,0.5,0.0,0.98428833,0.15608615040779114,10
562,0,4,0,0.3333333333333333,0.3333333333333333,0.9850138,0.15608615040779114,10
568,0,4,1,1.0,1.0,0.66213596,0.15608615040779114,10
569,0,4,0,0.1666666666666666,0.6666666666666667,0.4800757,0.15608615040779114,10
570,0,4,1,0.6666666666666666,0.3333333333333332,0.9895282,0.15608615040779114,10
578,0,4,1,0.5,0.0,3.1145682e-05,0.15608615040779114,10
580,0,4,0,0.3333333333333333,0.3333333333333333,0.89223623,0.15608615040779114,10
584,0,4,1,0.6666666666666666,0.3333333333333332,0.0033955858,0.15608615040779114,10
585,0,4,1,0.5,0.0,0.9363469,0.15608615040779114,10
593,0,4,1,0.5,0.0,0.9876616,0.15608615040779114,10
594,0,4,0,0.0,1.0,0.0166632,0.15608615040779114,10
596,0,4,1,0.5,0.0,0.61797017,0.15608615040779114,10
599,0,4,0,0.0,1.0,0.90721196,0.15608615040779114,10
610,0,4,0,0.25,0.5,0.29554343,0.15608615040779114,10
613,0,4,0,0.0,1.0,0.99938333,0.15608615040779114,10
616,0,4,1,0.75,0.5,0.1750836,0.15608615040779114,10
619,0,4,0,0.25,0.5,0.019784234,0.15608615040779114,10
621,0,4,1,0.5,0.0,0.9115801,0.15608615040779114,10
625,0,4,0,0.0,1.0,0.034570098,0.15608615040779114,10
635,0,4,1,0.5,0.0,0.53045344,0.15608615040779114,10
644,0,4,0,0.25,0.5,0.7416214,0.15608615040779114,10
646,0,4,0,0.0,1.0,0.00025592395,0.15608615040779114,10
655,0,4,1,0.6666666666666666,0.3333333333333332,0.64121115,0.15608615040779114,10
656,0,4,1,0.6666666666666666,0.3333333333333332,0.20364596,0.15608615040779114,10
662,0,4,0,0.0,1.0,5.8010713e-08,0.15608615040779114,10
663,0,4,0,0.3333333333333333,0.3333333333333333,0.00029601075,0.15608615040779114,10
668,0,4,0,0.1666666666666666,0.6666666666666667,0.9740057,0.15608615040779114,10
678,0,4,0,0.3333333333333333,0.3333333333333333,0.056467645,0.15608615040779114,10
679,0,4,0,0.4,0.1999999999999999,0.50361603,0.15608615040779114,10
684,0,4,0,0.0,1.0,0.99976814,0.15608615040779114,10
688,0,4,0,0.1666666666666666,0.6666666666666667,0.5571157,0.15608615040779114,10
700,0,4,1,0.5,0.0,0.41852605,0.15608615040779114,10
701,0,4,0,0.1666666666666666,0.6666666666666667,0.9959689,0.15608615040779114,10
702,0,4,0,0.1666666666666666,0.6666666666666667,0.4897784,0.15608615040779114,10
706,0,4,1,0.6666666666666666,0.3333333333333332,0.022961892,0.15608615040779114,10
708,0,4,0,0.0,1.0,0.12498181,0.15608615040779114,10
716,0,4,1,0.6666666666666666,0.3333333333333332,2.2085092e-05,0.15608615040779114,10
722,0,4,0,0.2,0.6,0.9936255,0.15608615040779114,10
724,0,4,0,0.2,0.6,0.003091873,0.15608615040779114,10
726,0,4,0,0.0,1.0,0.10384619,0.15608615040779114,10
734,0,4,0,0.0,1.0,0.19785555,0.15608615040779114,10
740,0,4,0,0.1666666666666666,0.6666666666666667,0.3887325,0.15608615040779114,10
